25,นางสาวปวีณา อุดม 42/1 ตำบล ปากน้ำ อำเภอ เมืองสมุทรปราการ จังหวัด สมุทรปราการ 10270,นางสาวปวีณา,ADDR
25,นางสาวปวีณา อุดม 42/1 ตำบล ปากน้ำ อำเภอ เมืองสมุทรปราการ จังหวัด สมุทรปราการ 10270,อุดม,ADDR
25,นางสาวปวีณา อุดม 42/1 ตำบล ปากน้ำ อำเภอ เมืองสมุทรปราการ จังหวัด สมุทรปราการ 10270,42/1,ADDR
25,นางสาวปวีณา อุดม 42/1 ตำบล ปากน้ำ อำเภอ เมืองสมุทรปราการ จังหวัด สมุทรปราการ 10270,ตำบล,ADDR
25,นางสาวปวีณา อุดม 42/1 ตำบล ปากน้ำ อำเภอ เมืองสมุทรปราการ จังหวัด สมุทรปราการ 10270,ปากน้ำ,ADDR
25,นางสาวปวีณา อุดม 42/1 ตำบล ปากน้ำ อำเภอ เมืองสมุทรปราการ จังหวัด สมุทรปราการ 10270,อำเภอ,ADDR
25,นางสาวปวีณา อุดม 42/1 ตำบล ปากน้ำ อำเภอ เมืองสมุทรปราการ จังหวัด สมุทรปราการ 10270,เมืองสมุทรปราการ,ADDR
25,นางสาวปวีณา อุดม 42/1 ตำบล ปากน้ำ อำเภอ เมืองสมุทรปราการ จังหวัด สมุทรปราการ 10270,จังหวัด,ADDR
25,นางสาวปวีณา อุดม 42/1 ตำบล ปากน้ำ อำเภอ เมืองสมุทรปราการ จังหวัด สมุทรปราการ 10270,สมุทรปราการ,LOC
25,นางสาวปวีณา อุดม 42/1 ตำบล ปากน้ำ อำเภอ เมืองสมุทรปราการ จังหวัด สมุทรปราการ 10270,10270,POST
26,นายมงคล สุทธิวรรณ 123/4 ตำบล บ้านไกล อำเภอ เมือง จังหวัด ลพบุรี 15000,นายมงคล,ADDR
26,นายมงคล สุทธิวรรณ 123/4 ตำบล บ้านไกล อำเภอ เมือง จังหวัด ลพบุรี 15000,สุทธิวรรณ,ADDR
26,นายมงคล สุทธิวรรณ 123/4 ตำบล บ้านไกล อำเภอ เมือง จังหวัด ลพบุรี 15000,123/4,ADDR
26,นายมงคล สุทธิวรรณ 123/4 ตำบล บ้านไกล อำเภอ เมือง จังหวัด ลพบุรี 15000,ตำบล,ADDR
26,นายมงคล สุทธิวรรณ 123/4 ตำบล บ้านไกล อำเภอ เมือง จังหวัด ลพบุรี 15000,บ้านไกล,ADDR
26,นายมงคล สุทธิวรรณ 123/4 ตำบล บ้านไกล อำเภอ เมือง จังหวัด ลพบุรี 15000,อำเภอ,ADDR
26,นายมงคล สุทธิวรรณ 123/4 ตำบล บ้านไกล อำเภอ เมือง จังหวัด ลพบุรี 15000,เมือง,ADDR
26,นายมงคล สุทธิวรรณ 123/4 ตำบล บ้านไกล อำเภอ เมือง จังหวัด ลพบุรี 15000,จังหวัด,ADDR
26,นายมงคล สุทธิวรรณ 123/4 ตำบล บ้านไกล อำเภอ เมือง จังหวัด ลพบุรี 15000,ลพบุรี,ADDR
26,นายมงคล สุทธิวรรณ 123/4 ตำบล บ้านไกล อำเภอ เมือง จังหวัด ลพบุรี 15000,15000,POST
27,นางสาวมณีใจ วรเศรษฐ์ 89/1 ตำบล แม่เหียะ อำเภอ เมืองเชียงใหม่ จังหวัด เชียงใหม่ 50100,นางสาวมณีใจ,ADDR
27,นางสาวมณีใจ วรเศรษฐ์ 89/1 ตำบล แม่เหียะ อำเภอ เมืองเชียงใหม่ จังหวัด เชียงใหม่ 50100,วรเศรษฐ์,ADDR
27,นางสาวมณีใจ วรเศรษฐ์ 89/1 ตำบล แม่เหียะ อำเภอ เมืองเชียงใหม่ จังหวัด เชียงใหม่ 50100,89/1,ADDR
27,นางสาวมณีใจ วรเศรษฐ์ 89/1 ตำบล แม่เหียะ อำเภอ เมืองเชียงใหม่ จังหวัด เชียงใหม่ 50100,ตำบล,ADDR
27,นางสาวมณีใจ วรเศรษฐ์ 89/1 ตำบล แม่เหียะ อำเภอ เมืองเชียงใหม่ จังหวัด เชียงใหม่ 50100,แม่เหียะ,ADDR
27,นางสาวมณีใจ วรเศรษฐ์ 89/1 ตำบล แม่เหียะ อำเภอ เมืองเชียงใหม่ จังหวัด เชียงใหม่ 50100,อำเภอ,ADDR
27,นางสาวมณีใจ วรเศรษฐ์ 89/1 ตำบล แม่เหียะ อำเภอ เมืองเชียงใหม่ จังหวัด เชียงใหม่ 50100,เมืองเชียงใหม่,ADDR
27,นางสาวมณีใจ วรเศรษฐ์ 89/1 ตำบล แม่เหียะ อำเภอ เมืองเชียงใหม่ จังหวัด เชียงใหม่ 50100,จังหวัด,ADDR
27,นางสาวมณีใจ วรเศรษฐ์ 89/1 ตำบล แม่เหียะ อำเภอ เมืองเชียงใหม่ จังหวัด เชียงใหม่ 50100,เชียงใหม่,LOC
27,นางสาวมณีใจ วรเศรษฐ์ 89/1 ตำบล แม่เหียะ อำเภอ เมืองเชียงใหม่ จังหวัด เชียงใหม่ 50100,50100,POST
28,นายวัฒน์ชัย ภัทรเกียรติ 56/7 ตำบล หนองหิน อำเภอ หนองหิน จังหวัด เลย 42190,นายวัฒน์ชัย,ADDR
28,นายวัฒน์ชัย ภัทรเกียรติ 56/7 ตำบล หนองหิน อำเภอ หนองหิน จังหวัด เลย 42190,ภัทรเกียรติ,ADDR
28,นายวัฒน์ชัย ภัทรเกียรติ 56/7 ตำบล หนองหิน อำเภอ หนองหิน จังหวัด เลย 42190,56/7,ADDR
28,นายวัฒน์ชัย ภัทรเกียรติ 56/7 ตำบล หนองหิน อำเภอ หนองหิน จังหวัด เลย 42190,ตำบล,ADDR
28,นายวัฒน์ชัย ภัทรเกียรติ 56/7 ตำบล หนองหิน อำเภอ หนองหิน จังหวัด เลย 42190,หนองหิน,ADDR
28,นายวัฒน์ชัย ภัทรเกียรติ 56/7 ตำบล หนองหิน อำเภอ หนองหิน จังหวัด เลย 42190,อำเภอ,ADDR
28,นายวัฒน์ชัย ภัทรเกียรติ 56/7 ตำบล หนองหิน อำเภอ หนองหิน จังหวัด เลย 42190,หนองหิน,ADDR
28,นายวัฒน์ชัย ภัทรเกียรติ 56/7 ตำบล หนองหิน อำเภอ หนองหิน จังหวัด เลย 42190,จังหวัด,ADDR
28,นายวัฒน์ชัย ภัทรเกียรติ 56/7 ตำบล หนองหิน อำเภอ หนองหิน จังหวัด เลย 42190,เลย,LOC
28,นายวัฒน์ชัย ภัทรเกียรติ 56/7 ตำบล หนองหิน อำเภอ หนองหิน จังหวัด เลย 42190,42190,POST
29,นางสาวสุวรรณา อมรศักดิ์ 45/3 ตำบล ป่าแดด อำเภอ เมือง จังหวัด เชียงราย 57000,นางสาวสุวรรณา,ADDR
29,นางสาวสุวรรณา อมรศักดิ์ 45/3 ตำบล ป่าแดด อำเภอ เมือง จังหวัด เชียงราย 57000,อมรศักดิ์,ADDR
29,นางสาวสุวรรณา อมรศักดิ์ 45/3 ตำบล ป่าแดด อำเภอ เมือง จังหวัด เชียงราย 57000,45/3,ADDR
29,นางสาวสุวรรณา อมรศักดิ์ 45/3 ตำบล ป่าแดด อำเภอ เมือง จังหวัด เชียงราย 57000,ตำบล,ADDR
29,นางสาวสุวรรณา อมรศักดิ์ 45/3 ตำบล ป่าแดด อำเภอ เมือง จังหวัด เชียงราย 57000,ป่าแดด,ADDR
29,นางสาวสุวรรณา อมรศักดิ์ 45/3 ตำบล ป่าแดด อำเภอ เมือง จังหวัด เชียงราย 57000,อำเภอ,ADDR
29,นางสาวสุวรรณา อมรศักดิ์ 45/3 ตำบล ป่าแดด อำเภอ เมือง จังหวัด เชียงราย 57000,เมือง,ADDR
29,นางสาวสุวรรณา อมรศักดิ์ 45/3 ตำบล ป่าแดด อำเภอ เมือง จังหวัด เชียงราย 57000,จังหวัด,ADDR
29,นางสาวสุวรรณา อมรศักดิ์ 45/3 ตำบล ป่าแดด อำเภอ เมือง จังหวัด เชียงราย 57000,เชียงราย,LOC
29,นางสาวสุวรรณา อมรศักดิ์ 45/3 ตำบล ป่าแดด อำเภอ เมือง จังหวัด เชียงราย 57000,57000,POST
30,นายพงษ์ศักดิ์ รัตนคุณ 28/6 ตำบล ปากช่อง อำเภอ ปากช่อง จังหวัด นครราชสีมา 30130,นายพงษ์ศักดิ์,ADDR
30,นายพงษ์ศักดิ์ รัตนคุณ 28/6 ตำบล ปากช่อง อำเภอ ปากช่อง จังหวัด นครราชสีมา 30130,รัตนคุณ,ADDR
30,นายพงษ์ศักดิ์ รัตนคุณ 28/6 ตำบล ปากช่อง อำเภอ ปากช่อง จังหวัด นครราชสีมา 30130,28/6,ADDR
30,นายพงษ์ศักดิ์ รัตนคุณ 28/6 ตำบล ปากช่อง อำเภอ ปากช่อง จังหวัด นครราชสีมา 30130,ตำบล,ADDR
30,นายพงษ์ศักดิ์ รัตนคุณ 28/6 ตำบล ปากช่อง อำเภอ ปากช่อง จังหวัด นครราชสีมา 30130,ปากช่อง,ADDR
30,นายพงษ์ศักดิ์ รัตนคุณ 28/6 ตำบล ปากช่อง อำเภอ ปากช่อง จังหวัด นครราชสีมา 30130,อำเภอ,ADDR
30,นายพงษ์ศักดิ์ รัตนคุณ 28/6 ตำบล ปากช่อง อำเภอ ปากช่อง จังหวัด นครราชสีมา 30130,ปากช่อง,ADDR
30,นายพงษ์ศักดิ์ รัตนคุณ 28/6 ตำบล ปากช่อง อำเภอ ปากช่อง จังหวัด นครราชสีมา 30130,จังหวัด,ADDR
30,นายพงษ์ศักดิ์ รัตนคุณ 28/6 ตำบล ปากช่อง อำเภอ ปากช่อง จังหวัด นครราชสีมา 30130,นครราชสีมา,ADDR
30,นายพงษ์ศักดิ์ รัตนคุณ 28/6 ตำบล ปากช่อง อำเภอ ปากช่อง จังหวัด นครราชสีมา 30130,30130,POST
31,นางสาวยุพิน พิพัฒน์โชติ 779 ตำบล ชุมแพ อำเภอ ชุมแพ จังหวัด ขอนแก่น 40130,นางสาวยุพิน,ADDR
31,นางสาวยุพิน พิพัฒน์โชติ 779 ตำบล ชุมแพ อำเภอ ชุมแพ จังหวัด ขอนแก่น 40130,พิพัฒน์โชติ,ADDR
31,นางสาวยุพิน พิพัฒน์โชติ 779 ตำบล ชุมแพ อำเภอ ชุมแพ จังหวัด ขอนแก่น 40130,779,ADDR
31,นางสาวยุพิน พิพัฒน์โชติ 779 ตำบล ชุมแพ อำเภอ ชุมแพ จังหวัด ขอนแก่น 40130,ตำบล,ADDR
31,นางสาวยุพิน พิพัฒน์โชติ 779 ตำบล ชุมแพ อำเภอ ชุมแพ จังหวัด ขอนแก่น 40130,ชุมแพ,ADDR
31,นางสาวยุพิน พิพัฒน์โชติ 779 ตำบล ชุมแพ อำเภอ ชุมแพ จังหวัด ขอนแก่น 40130,อำเภอ,ADDR
31,นางสาวยุพิน พิพัฒน์โชติ 779 ตำบล ชุมแพ อำเภอ ชุมแพ จังหวัด ขอนแก่น 40130,ชุมแพ,ADDR
31,นางสาวยุพิน พิพัฒน์โชติ 779 ตำบล ชุมแพ อำเภอ ชุมแพ จังหวัด ขอนแก่น 40130,จังหวัด,ADDR
31,นางสาวยุพิน พิพัฒน์โชติ 779 ตำบล ชุมแพ อำเภอ ชุมแพ จังหวัด ขอนแก่น 40130,ขอนแก่น,LOC
31,นางสาวยุพิน พิพัฒน์โชติ 779 ตำบล ชุมแพ อำเภอ ชุมแพ จังหวัด ขอนแก่น 40130,40130,POST
32,นายธนภูมิ ชัยชนะ 992 ตำบล น้ำอ้อม อำเภอ กันทรลักษ์ จังหวัด ศรีสะเกษ 33110,นายธนภูมิ,O
32,นายธนภูมิ ชัยชนะ 992 ตำบล น้ำอ้อม อำเภอ กันทรลักษ์ จังหวัด ศรีสะเกษ 33110,ชัยชนะ,O
32,นายธนภูมิ ชัยชนะ 992 ตำบล น้ำอ้อม อำเภอ กันทรลักษ์ จังหวัด ศรีสะเกษ 33110,992,ADDR
32,นายธนภูมิ ชัยชนะ 992 ตำบล น้ำอ้อม อำเภอ กันทรลักษ์ จังหวัด ศรีสะเกษ 33110,ตำบล,ADDR
32,นายธนภูมิ ชัยชนะ 992 ตำบล น้ำอ้อม อำเภอ กันทรลักษ์ จังหวัด ศรีสะเกษ 33110,น้ำอ้อม,ADDR
32,นายธนภูมิ ชัยชนะ 992 ตำบล น้ำอ้อม อำเภอ กันทรลักษ์ จังหวัด ศรีสะเกษ 33110,อำเภอ,ADDR
32,นายธนภูมิ ชัยชนะ 992 ตำบล น้ำอ้อม อำเภอ กันทรลักษ์ จังหวัด ศรีสะเกษ 33110,กันทรลักษ์,ADDR
32,นายธนภูมิ ชัยชนะ 992 ตำบล น้ำอ้อม อำเภอ กันทรลักษ์ จังหวัด ศรีสะเกษ 33110,จังหวัด,ADDR
32,นายธนภูมิ ชัยชนะ 992 ตำบล น้ำอ้อม อำเภอ กันทรลักษ์ จังหวัด ศรีสะเกษ 33110,ศรีสะเกษ,ADDR
32,นายธนภูมิ ชัยชนะ 992 ตำบล น้ำอ้อม อำเภอ กันทรลักษ์ จังหวัด ศรีสะเกษ 33110,33110,POST
33,นางสาวสมฤดี จันทร์ศิริ 128 ตำบล ริมเหนือ อำเภอ เวียงแก่น จังหวัด เชียงราย 57310,นางสาวสมฤดี,O
33,นางสาวสมฤดี จันทร์ศิริ 128 ตำบล ริมเหนือ อำเภอ เวียงแก่น จังหวัด เชียงราย 57310,จันทร์ศิริ,O
33,นางสาวสมฤดี จันทร์ศิริ 128 ตำบล ริมเหนือ อำเภอ เวียงแก่น จังหวัด เชียงราย 57310,128,ADDR
33,นางสาวสมฤดี จันทร์ศิริ 128 ตำบล ริมเหนือ อำเภอ เวียงแก่น จังหวัด เชียงราย 57310,ตำบล,ADDR
33,นางสาวสมฤดี จันทร์ศิริ 128 ตำบล ริมเหนือ อำเภอ เวียงแก่น จังหวัด เชียงราย 57310,ริมเหนือ,ADDR
33,นางสาวสมฤดี จันทร์ศิริ 128 ตำบล ริมเหนือ อำเภอ เวียงแก่น จังหวัด เชียงราย 57310,อำเภอ,ADDR
33,นางสาวสมฤดี จันทร์ศิริ 128 ตำบล ริมเหนือ อำเภอ เวียงแก่น จังหวัด เชียงราย 57310,เวียงแก่น,ADDR
33,นางสาวสมฤดี จันทร์ศิริ 128 ตำบล ริมเหนือ อำเภอ เวียงแก่น จังหวัด เชียงราย 57310,จังหวัด,ADDR
33,นางสาวสมฤดี จันทร์ศิริ 128 ตำบล ริมเหนือ อำเภอ เวียงแก่น จังหวัด เชียงราย 57310,เชียงราย,LOC
33,นางสาวสมฤดี จันทร์ศิริ 128 ตำบล ริมเหนือ อำเภอ เวียงแก่น จังหวัด เชียงราย 57310,57310,POST
34,นายอดิศักดิ์ กิตติกูล 3214 ตำบล หนองจ๊อม อำเภอ สันทราย จังหวัด เชียงใหม่ 50210,นายอดิศักดิ์,O
34,นายอดิศักดิ์ กิตติกูล 3214 ตำบล หนองจ๊อม อำเภอ สันทราย จังหวัด เชียงใหม่ 50210,กิตติกูล,O
34,นายอดิศักดิ์ กิตติกูล 3214 ตำบล หนองจ๊อม อำเภอ สันทราย จังหวัด เชียงใหม่ 50210,3214,ADDR
34,นายอดิศักดิ์ กิตติกูล 3214 ตำบล หนองจ๊อม อำเภอ สันทราย จังหวัด เชียงใหม่ 50210,ตำบล,ADDR
34,นายอดิศักดิ์ กิตติกูล 3214 ตำบล หนองจ๊อม อำเภอ สันทราย จังหวัด เชียงใหม่ 50210,หนองจ๊อม,ADDR
34,นายอดิศักดิ์ กิตติกูล 3214 ตำบล หนองจ๊อม อำเภอ สันทราย จังหวัด เชียงใหม่ 50210,อำเภอ,ADDR
34,นายอดิศักดิ์ กิตติกูล 3214 ตำบล หนองจ๊อม อำเภอ สันทราย จังหวัด เชียงใหม่ 50210,สันทราย,ADDR
34,นายอดิศักดิ์ กิตติกูล 3214 ตำบล หนองจ๊อม อำเภอ สันทราย จังหวัด เชียงใหม่ 50210,จังหวัด,ADDR
34,นายอดิศักดิ์ กิตติกูล 3214 ตำบล หนองจ๊อม อำเภอ สันทราย จังหวัด เชียงใหม่ 50210,เชียงใหม่,LOC
34,นายอดิศักดิ์ กิตติกูล 3214 ตำบล หนองจ๊อม อำเภอ สันทราย จังหวัด เชียงใหม่ 50210,50210,POST
35,นางสาวอัญชลี นภาวดี 512 ตำบล ไชยสถาน อำเภอ สารภี จังหวัด เชียงใหม่ 50140,นางสาวอัญชลี,O
35,นางสาวอัญชลี นภาวดี 512 ตำบล ไชยสถาน อำเภอ สารภี จังหวัด เชียงใหม่ 50140,นภาวดี,O
35,นางสาวอัญชลี นภาวดี 512 ตำบล ไชยสถาน อำเภอ สารภี จังหวัด เชียงใหม่ 50140,512,ADDR
35,นางสาวอัญชลี นภาวดี 512 ตำบล ไชยสถาน อำเภอ สารภี จังหวัด เชียงใหม่ 50140,ตำบล,ADDR
35,นางสาวอัญชลี นภาวดี 512 ตำบล ไชยสถาน อำเภอ สารภี จังหวัด เชียงใหม่ 50140,ไชยสถาน,ADDR
35,นางสาวอัญชลี นภาวดี 512 ตำบล ไชยสถาน อำเภอ สารภี จังหวัด เชียงใหม่ 50140,อำเภอ,ADDR
35,นางสาวอัญชลี นภาวดี 512 ตำบล ไชยสถาน อำเภอ สารภี จังหวัด เชียงใหม่ 50140,สารภี,ADDR
35,นางสาวอัญชลี นภาวดี 512 ตำบล ไชยสถาน อำเภอ สารภี จังหวัด เชียงใหม่ 50140,จังหวัด,ADDR
35,นางสาวอัญชลี นภาวดี 512 ตำบล ไชยสถาน อำเภอ สารภี จังหวัด เชียงใหม่ 50140,เชียงใหม่,LOC
35,นางสาวอัญชลี นภาวดี 512 ตำบล ไชยสถาน อำเภอ สารภี จังหวัด เชียงใหม่ 50140,50140,POST
36,นายบุญเรือง ใจงาม 441 ตำบล ท่าข้าม อำเภอ บ้านดุง จังหวัด อุดรธานี 41190,นายบุญเรือง,O
36,นายบุญเรือง ใจงาม 441 ตำบล ท่าข้าม อำเภอ บ้านดุง จังหวัด อุดรธานี 41190,ใจงาม,O
36,นายบุญเรือง ใจงาม 441 ตำบล ท่าข้าม อำเภอ บ้านดุง จังหวัด อุดรธานี 41190,441,ADDR
36,นายบุญเรือง ใจงาม 441 ตำบล ท่าข้าม อำเภอ บ้านดุง จังหวัด อุดรธานี 41190,ตำบล,ADDR
36,นายบุญเรือง ใจงาม 441 ตำบล ท่าข้าม อำเภอ บ้านดุง จังหวัด อุดรธานี 41190,ท่าข้าม,ADDR
36,นายบุญเรือง ใจงาม 441 ตำบล ท่าข้าม อำเภอ บ้านดุง จังหวัด อุดรธานี 41190,อำเภอ,ADDR
36,นายบุญเรือง ใจงาม 441 ตำบล ท่าข้าม อำเภอ บ้านดุง จังหวัด อุดรธานี 41190,บ้านดุง,ADDR
36,นายบุญเรือง ใจงาม 441 ตำบล ท่าข้าม อำเภอ บ้านดุง จังหวัด อุดรธานี 41190,จังหวัด,ADDR
36,นายบุญเรือง ใจงาม 441 ตำบล ท่าข้าม อำเภอ บ้านดุง จังหวัด อุดรธานี 41190,อุดรธานี,LOC
36,นายบุญเรือง ใจงาม 441 ตำบล ท่าข้าม อำเภอ บ้านดุง จังหวัด อุดรธานี 41190,41190,POST