Full Address,Token,Predicted Tag
นายสมชาย เข็มกลัด 254 ถนน พญาไท แขวง วังใหม่ เขต ปทุมวัน กรุงเทพมหานคร 10330,นายสมชาย,O
นายสมชาย เข็มกลัด 254 ถนน พญาไท แขวง วังใหม่ เขต ปทุมวัน กรุงเทพมหานคร 10330,เข็มกลัด,O
นายสมชาย เข็มกลัด 254 ถนน พญาไท แขวง วังใหม่ เขต ปทุมวัน กรุงเทพมหานคร 10330,254,ADDR
นายสมชาย เข็มกลัด 254 ถนน พญาไท แขวง วังใหม่ เขต ปทุมวัน กรุงเทพมหานคร 10330,ถนน,ADDR
นายสมชาย เข็มกลัด 254 ถนน พญาไท แขวง วังใหม่ เขต ปทุมวัน กรุงเทพมหานคร 10330,พญาไท,ADDR
นายสมชาย เข็มกลัด 254 ถนน พญาไท แขวง วังใหม่ เขต ปทุมวัน กรุงเทพมหานคร 10330,แขวง,ADDR
นายสมชาย เข็มกลัด 254 ถนน พญาไท แขวง วังใหม่ เขต ปทุมวัน กรุงเทพมหานคร 10330,วังใหม่,ADDR
นายสมชาย เข็มกลัด 254 ถนน พญาไท แขวง วังใหม่ เขต ปทุมวัน กรุงเทพมหานคร 10330,เขต,ADDR
นายสมชาย เข็มกลัด 254 ถนน พญาไท แขวง วังใหม่ เขต ปทุมวัน กรุงเทพมหานคร 10330,ปทุมวัน,LOC
นายสมชาย เข็มกลัด 254 ถนน พญาไท แขวง วังใหม่ เขต ปทุมวัน กรุงเทพมหานคร 10330,กรุงเทพมหานคร,LOC
นายสมชาย เข็มกลัด 254 ถนน พญาไท แขวง วังใหม่ เขต ปทุมวัน กรุงเทพมหานคร 10330,10330,POST
นางสาวสมหญิง จันทร์ดี 98 ถนน สุขุมวิท แขวง คลองตันเหนือ เขต วัฒนา กรุงเทพมหานคร 10110,นางสาวสมหญิง,O
นางสาวสมหญิง จันทร์ดี 98 ถนน สุขุมวิท แขวง คลองตันเหนือ เขต วัฒนา กรุงเทพมหานคร 10110,จันทร์ดี,O
นางสาวสมหญิง จันทร์ดี 98 ถนน สุขุมวิท แขวง คลองตันเหนือ เขต วัฒนา กรุงเทพมหานคร 10110,98,ADDR
นางสาวสมหญิง จันทร์ดี 98 ถนน สุขุมวิท แขวง คลองตันเหนือ เขต วัฒนา กรุงเทพมหานคร 10110,ถนน,ADDR
นางสาวสมหญิง จันทร์ดี 98 ถนน สุขุมวิท แขวง คลองตันเหนือ เขต วัฒนา กรุงเทพมหานคร 10110,สุขุมวิท,ADDR
นางสาวสมหญิง จันทร์ดี 98 ถนน สุขุมวิท แขวง คลองตันเหนือ เขต วัฒนา กรุงเทพมหานคร 10110,แขวง,ADDR
นางสาวสมหญิง จันทร์ดี 98 ถนน สุขุมวิท แขวง คลองตันเหนือ เขต วัฒนา กรุงเทพมหานคร 10110,คลองตันเหนือ,ADDR
นางสาวสมหญิง จันทร์ดี 98 ถนน สุขุมวิท แขวง คลองตันเหนือ เขต วัฒนา กรุงเทพมหานคร 10110,เขต,ADDR
นางสาวสมหญิง จันทร์ดี 98 ถนน สุขุมวิท แขวง คลองตันเหนือ เขต วัฒนา กรุงเทพมหานคร 10110,วัฒนา,LOC
นางสาวสมหญิง จันทร์ดี 98 ถนน สุขุมวิท แขวง คลองตันเหนือ เขต วัฒนา กรุงเทพมหานคร 10110,กรุงเทพมหานคร,LOC
นางสาวสมหญิง จันทร์ดี 98 ถนน สุขุมวิท แขวง คลองตันเหนือ เขต วัฒนา กรุงเทพมหานคร 10110,10110,POST
นายวิทยา ทองแท้ 45 ถนน สาธุประดิษฐ์ แขวง ช่องนนทรี เขต ยานนาวา กรุงเทพมหานคร 10120,นายวิทยา,O
นายวิทยา ทองแท้ 45 ถนน สาธุประดิษฐ์ แขวง ช่องนนทรี เขต ยานนาวา กรุงเทพมหานคร 10120,ทองแท้,O
นายวิทยา ทองแท้ 45 ถนน สาธุประดิษฐ์ แขวง ช่องนนทรี เขต ยานนาวา กรุงเทพมหานคร 10120,45,ADDR
นายวิทยา ทองแท้ 45 ถนน สาธุประดิษฐ์ แขวง ช่องนนทรี เขต ยานนาวา กรุงเทพมหานคร 10120,ถนน,ADDR
นายวิทยา ทองแท้ 45 ถนน สาธุประดิษฐ์ แขวง ช่องนนทรี เขต ยานนาวา กรุงเทพมหานคร 10120,สาธุประดิษฐ์,ADDR
นายวิทยา ทองแท้ 45 ถนน สาธุประดิษฐ์ แขวง ช่องนนทรี เขต ยานนาวา กรุงเทพมหานคร 10120,แขวง,ADDR
นายวิทยา ทองแท้ 45 ถนน สาธุประดิษฐ์ แขวง ช่องนนทรี เขต ยานนาวา กรุงเทพมหานคร 10120,ช่องนนทรี,ADDR
นายวิทยา ทองแท้ 45 ถนน สาธุประดิษฐ์ แขวง ช่องนนทรี เขต ยานนาวา กรุงเทพมหานคร 10120,เขต,ADDR
นายวิทยา ทองแท้ 45 ถนน สาธุประดิษฐ์ แขวง ช่องนนทรี เขต ยานนาวา กรุงเทพมหานคร 10120,ยานนาวา,LOC
นายวิทยา ทองแท้ 45 ถนน สาธุประดิษฐ์ แขวง ช่องนนทรี เขต ยานนาวา กรุงเทพมหานคร 10120,กรุงเทพมหานคร,LOC
นายวิทยา ทองแท้ 45 ถนน สาธุประดิษฐ์ แขวง ช่องนนทรี เขต ยานนาวา กรุงเทพมหานคร 10120,10120,POST
นางสาวอรทัย สุขสันต์ 78 ถนน รามอินทรา แขวง ท่าแร้ง เขต บางเขน กรุงเทพมหานคร 10220,นางสาวอรทัย,O
นางสาวอรทัย สุขสันต์ 78 ถนน รามอินทรา แขวง ท่าแร้ง เขต บางเขน กรุงเทพมหานคร 10220,สุขสันต์,O
นางสาวอรทัย สุขสันต์ 78 ถนน รามอินทรา แขวง ท่าแร้ง เขต บางเขน กรุงเทพมหานคร 10220,78,ADDR
นางสาวอรทัย สุขสันต์ 78 ถนน รามอินทรา แขวง ท่าแร้ง เขต บางเขน กรุงเทพมหานคร 10220,ถนน,ADDR
นางสาวอรทัย สุขสันต์ 78 ถนน รามอินทรา แขวง ท่าแร้ง เขต บางเขน กรุงเทพมหานคร 10220,รามอินทรา,ADDR
นางสาวอรทัย สุขสันต์ 78 ถนน รามอินทรา แขวง ท่าแร้ง เขต บางเขน กรุงเทพมหานคร 10220,แขวง,ADDR
นางสาวอรทัย สุขสันต์ 78 ถนน รามอินทรา แขวง ท่าแร้ง เขต บางเขน กรุงเทพมหานคร 10220,ท่าแร้ง,ADDR
นางสาวอรทัย สุขสันต์ 78 ถนน รามอินทรา แขวง ท่าแร้ง เขต บางเขน กรุงเทพมหานคร 10220,เขต,ADDR
นางสาวอรทัย สุขสันต์ 78 ถนน รามอินทรา แขวง ท่าแร้ง เขต บางเขน กรุงเทพมหานคร 10220,บางเขน,ADDR
นางสาวอรทัย สุขสันต์ 78 ถนน รามอินทรา แขวง ท่าแร้ง เขต บางเขน กรุงเทพมหานคร 10220,กรุงเทพมหานคร,LOC
นางสาวอรทัย สุขสันต์ 78 ถนน รามอินทรา แขวง ท่าแร้ง เขต บางเขน กรุงเทพมหานคร 10220,10220,POST
นายปกรณ์ ภักดี 130 ถนน สีลม แขวง สีลม เขต บางรัก กรุงเทพมหานคร 10500,นายปกรณ์,O
นายปกรณ์ ภักดี 130 ถนน สีลม แขวง สีลม เขต บางรัก กรุงเทพมหานคร 10500,ภักดี,O
นายปกรณ์ ภักดี 130 ถนน สีลม แขวง สีลม เขต บางรัก กรุงเทพมหานคร 10500,130,ADDR
นายปกรณ์ ภักดี 130 ถนน สีลม แขวง สีลม เขต บางรัก กรุงเทพมหานคร 10500,ถนน,ADDR
นายปกรณ์ ภักดี 130 ถนน สีลม แขวง สีลม เขต บางรัก กรุงเทพมหานคร 10500,สีลม,LOC
นายปกรณ์ ภักดี 130 ถนน สีลม แขวง สีลม เขต บางรัก กรุงเทพมหานคร 10500,แขวง,LOC
นายปกรณ์ ภักดี 130 ถนน สีลม แขวง สีลม เขต บางรัก กรุงเทพมหานคร 10500,สีลม,LOC
นายปกรณ์ ภักดี 130 ถนน สีลม แขวง สีลม เขต บางรัก กรุงเทพมหานคร 10500,เขต,LOC
นายปกรณ์ ภักดี 130 ถนน สีลม แขวง สีลม เขต บางรัก กรุงเทพมหานคร 10500,บางรัก,LOC
นายปกรณ์ ภักดี 130 ถนน สีลม แขวง สีลม เขต บางรัก กรุงเทพมหานคร 10500,กรุงเทพมหานคร,LOC
นายปกรณ์ ภักดี 130 ถนน สีลม แขวง สีลม เขต บางรัก กรุงเทพมหานคร 10500,10500,POST
นางสาวยุพา เพ็ชรรัตน์ 52 ถนน ลาดพร้าว แขวง จอมพล เขต จตุจักร กรุงเทพมหานคร 10900,นางสาวยุพา,O
นางสาวยุพา เพ็ชรรัตน์ 52 ถนน ลาดพร้าว แขวง จอมพล เขต จตุจักร กรุงเทพมหานคร 10900,เพ็ชรรัตน์,O
นางสาวยุพา เพ็ชรรัตน์ 52 ถนน ลาดพร้าว แขวง จอมพล เขต จตุจักร กรุงเทพมหานคร 10900,52,ADDR
นางสาวยุพา เพ็ชรรัตน์ 52 ถนน ลาดพร้าว แขวง จอมพล เขต จตุจักร กรุงเทพมหานคร 10900,ถนน,ADDR
นางสาวยุพา เพ็ชรรัตน์ 52 ถนน ลาดพร้าว แขวง จอมพล เขต จตุจักร กรุงเทพมหานคร 10900,ลาดพร้าว,ADDR
นางสาวยุพา เพ็ชรรัตน์ 52 ถนน ลาดพร้าว แขวง จอมพล เขต จตุจักร กรุงเทพมหานคร 10900,แขวง,ADDR
นางสาวยุพา เพ็ชรรัตน์ 52 ถนน ลาดพร้าว แขวง จอมพล เขต จตุจักร กรุงเทพมหานคร 10900,จอมพล,ADDR
นางสาวยุพา เพ็ชรรัตน์ 52 ถนน ลาดพร้าว แขวง จอมพล เขต จตุจักร กรุงเทพมหานคร 10900,เขต,ADDR
นางสาวยุพา เพ็ชรรัตน์ 52 ถนน ลาดพร้าว แขวง จอมพล เขต จตุจักร กรุงเทพมหานคร 10900,จตุจักร,LOC
นางสาวยุพา เพ็ชรรัตน์ 52 ถนน ลาดพร้าว แขวง จอมพล เขต จตุจักร กรุงเทพมหานคร 10900,กรุงเทพมหานคร,LOC
นางสาวยุพา เพ็ชรรัตน์ 52 ถนน ลาดพร้าว แขวง จอมพล เขต จตุจักร กรุงเทพมหานคร 10900,10900,POST
นายชาญชัย กุลศรี 67 ถนน ประชาอุทิศ แขวง ราษฎร์บูรณะ เขต ราษฎร์บูรณะ กรุงเทพมหานคร 10140,นายชาญชัย,O
นายชาญชัย กุลศรี 67 ถนน ประชาอุทิศ แขวง ราษฎร์บูรณะ เขต ราษฎร์บูรณะ กรุงเทพมหานคร 10140,กุลศรี,O
นายชาญชัย กุลศรี 67 ถนน ประชาอุทิศ แขวง ราษฎร์บูรณะ เขต ราษฎร์บูรณะ กรุงเทพมหานคร 10140,67,ADDR
นายชาญชัย กุลศรี 67 ถนน ประชาอุทิศ แขวง ราษฎร์บูรณะ เขต ราษฎร์บูรณะ กรุงเทพมหานคร 10140,ถนน,ADDR
นายชาญชัย กุลศรี 67 ถนน ประชาอุทิศ แขวง ราษฎร์บูรณะ เขต ราษฎร์บูรณะ กรุงเทพมหานคร 10140,ประชาอุทิศ,ADDR
นายชาญชัย กุลศรี 67 ถนน ประชาอุทิศ แขวง ราษฎร์บูรณะ เขต ราษฎร์บูรณะ กรุงเทพมหานคร 10140,แขวง,ADDR
นายชาญชัย กุลศรี 67 ถนน ประชาอุทิศ แขวง ราษฎร์บูรณะ เขต ราษฎร์บูรณะ กรุงเทพมหานคร 10140,ราษฎร์บูรณะ,ADDR
นายชาญชัย กุลศรี 67 ถนน ประชาอุทิศ แขวง ราษฎร์บูรณะ เขต ราษฎร์บูรณะ กรุงเทพมหานคร 10140,เขต,ADDR
นายชาญชัย กุลศรี 67 ถนน ประชาอุทิศ แขวง ราษฎร์บูรณะ เขต ราษฎร์บูรณะ กรุงเทพมหานคร 10140,ราษฎร์บูรณะ,ADDR
นายชาญชัย กุลศรี 67 ถนน ประชาอุทิศ แขวง ราษฎร์บูรณะ เขต ราษฎร์บูรณะ กรุงเทพมหานคร 10140,กรุงเทพมหานคร,LOC
นายชาญชัย กุลศรี 67 ถนน ประชาอุทิศ แขวง ราษฎร์บูรณะ เขต ราษฎร์บูรณะ กรุงเทพมหานคร 10140,10140,POST
นายสมบูรณ์ วัฒนะ 321 ถนน เพชรบุรี แขวง มักกะสัน เขต ราชเทวี กรุงเทพมหานคร 10400,นายสมบูรณ์,ADDR
นายสมบูรณ์ วัฒนะ 321 ถนน เพชรบุรี แขวง มักกะสัน เขต ราชเทวี กรุงเทพมหานคร 10400,วัฒนะ,ADDR
นายสมบูรณ์ วัฒนะ 321 ถนน เพชรบุรี แขวง มักกะสัน เขต ราชเทวี กรุงเทพมหานคร 10400,321,ADDR
นายสมบูรณ์ วัฒนะ 321 ถนน เพชรบุรี แขวง มักกะสัน เขต ราชเทวี กรุงเทพมหานคร 10400,ถนน,ADDR
นายสมบูรณ์ วัฒนะ 321 ถนน เพชรบุรี แขวง มักกะสัน เขต ราชเทวี กรุงเทพมหานคร 10400,เพชรบุรี,ADDR
นายสมบูรณ์ วัฒนะ 321 ถนน เพชรบุรี แขวง มักกะสัน เขต ราชเทวี กรุงเทพมหานคร 10400,แขวง,ADDR
นายสมบูรณ์ วัฒนะ 321 ถนน เพชรบุรี แขวง มักกะสัน เขต ราชเทวี กรุงเทพมหานคร 10400,มักกะสัน,ADDR
นายสมบูรณ์ วัฒนะ 321 ถนน เพชรบุรี แขวง มักกะสัน เขต ราชเทวี กรุงเทพมหานคร 10400,เขต,ADDR
นายสมบูรณ์ วัฒนะ 321 ถนน เพชรบุรี แขวง มักกะสัน เขต ราชเทวี กรุงเทพมหานคร 10400,ราชเทวี,ADDR
นายสมบูรณ์ วัฒนะ 321 ถนน เพชรบุรี แขวง มักกะสัน เขต ราชเทวี กรุงเทพมหานคร 10400,กรุงเทพมหานคร,LOC
นายสมบูรณ์ วัฒนะ 321 ถนน เพชรบุรี แขวง มักกะสัน เขต ราชเทวี กรุงเทพมหานคร 10400,10400,POST
นางสาวสุภาวดี อ่อนนุช 23 ถนน พระราม 4 แขวง คลองเตย เขต คลองเตย กรุงเทพมหานคร 10110,นางสาวสุภาวดี,O
นางสาวสุภาวดี อ่อนนุช 23 ถนน พระราม 4 แขวง คลองเตย เขต คลองเตย กรุงเทพมหานคร 10110,อ่อนนุช,O
นางสาวสุภาวดี อ่อนนุช 23 ถนน พระราม 4 แขวง คลองเตย เขต คลองเตย กรุงเทพมหานคร 10110,23,ADDR
นางสาวสุภาวดี อ่อนนุช 23 ถนน พระราม 4 แขวง คลองเตย เขต คลองเตย กรุงเทพมหานคร 10110,ถนน,ADDR
นางสาวสุภาวดี อ่อนนุช 23 ถนน พระราม 4 แขวง คลองเตย เขต คลองเตย กรุงเทพมหานคร 10110,พระราม,ADDR
นางสาวสุภาวดี อ่อนนุช 23 ถนน พระราม 4 แขวง คลองเตย เขต คลองเตย กรุงเทพมหานคร 10110,4,ADDR
นางสาวสุภาวดี อ่อนนุช 23 ถนน พระราม 4 แขวง คลองเตย เขต คลองเตย กรุงเทพมหานคร 10110,แขวง,ADDR
นางสาวสุภาวดี อ่อนนุช 23 ถนน พระราม 4 แขวง คลองเตย เขต คลองเตย กรุงเทพมหานคร 10110,คลองเตย,ADDR
นางสาวสุภาวดี อ่อนนุช 23 ถนน พระราม 4 แขวง คลองเตย เขต คลองเตย กรุงเทพมหานคร 10110,เขต,ADDR
นางสาวสุภาวดี อ่อนนุช 23 ถนน พระราม 4 แขวง คลองเตย เขต คลองเตย กรุงเทพมหานคร 10110,คลองเตย,ADDR
นางสาวสุภาวดี อ่อนนุช 23 ถนน พระราม 4 แขวง คลองเตย เขต คลองเตย กรุงเทพมหานคร 10110,กรุงเทพมหานคร,LOC
นางสาวสุภาวดี อ่อนนุช 23 ถนน พระราม 4 แขวง คลองเตย เขต คลองเตย กรุงเทพมหานคร 10110,10110,POST
นายพงศ์ศักดิ์ คำดี 187 ถนน จรัญสนิทวงศ์ แขวง บางยี่ขัน เขต บางพลัด กรุงเทพมหานคร 10700,นายพงศ์ศักดิ์,O
นายพงศ์ศักดิ์ คำดี 187 ถนน จรัญสนิทวงศ์ แขวง บางยี่ขัน เขต บางพลัด กรุงเทพมหานคร 10700,คำดี,O
นายพงศ์ศักดิ์ คำดี 187 ถนน จรัญสนิทวงศ์ แขวง บางยี่ขัน เขต บางพลัด กรุงเทพมหานคร 10700,187,ADDR
นายพงศ์ศักดิ์ คำดี 187 ถนน จรัญสนิทวงศ์ แขวง บางยี่ขัน เขต บางพลัด กรุงเทพมหานคร 10700,ถนน,ADDR
นายพงศ์ศักดิ์ คำดี 187 ถนน จรัญสนิทวงศ์ แขวง บางยี่ขัน เขต บางพลัด กรุงเทพมหานคร 10700,จรัญสนิทวงศ์,ADDR
นายพงศ์ศักดิ์ คำดี 187 ถนน จรัญสนิทวงศ์ แขวง บางยี่ขัน เขต บางพลัด กรุงเทพมหานคร 10700,แขวง,ADDR
นายพงศ์ศักดิ์ คำดี 187 ถนน จรัญสนิทวงศ์ แขวง บางยี่ขัน เขต บางพลัด กรุงเทพมหานคร 10700,บางยี่ขัน,ADDR
นายพงศ์ศักดิ์ คำดี 187 ถนน จรัญสนิทวงศ์ แขวง บางยี่ขัน เขต บางพลัด กรุงเทพมหานคร 10700,เขต,ADDR
นายพงศ์ศักดิ์ คำดี 187 ถนน จรัญสนิทวงศ์ แขวง บางยี่ขัน เขต บางพลัด กรุงเทพมหานคร 10700,บางพลัด,ADDR
นายพงศ์ศักดิ์ คำดี 187 ถนน จรัญสนิทวงศ์ แขวง บางยี่ขัน เขต บางพลัด กรุงเทพมหานคร 10700,กรุงเทพมหานคร,LOC
นายพงศ์ศักดิ์ คำดี 187 ถนน จรัญสนิทวงศ์ แขวง บางยี่ขัน เขต บางพลัด กรุงเทพมหานคร 10700,10700,POST
นางสาวอัจฉรา แสงสว่าง 90 ถนน เจริญนคร แขวง คลองสาน เขต คลองสาน กรุงเทพมหานคร 10600,นางสาวอัจฉรา,O
นางสาวอัจฉรา แสงสว่าง 90 ถนน เจริญนคร แขวง คลองสาน เขต คลองสาน กรุงเทพมหานคร 10600,แสงสว่าง,O
นางสาวอัจฉรา แสงสว่าง 90 ถนน เจริญนคร แขวง คลองสาน เขต คลองสาน กรุงเทพมหานคร 10600,90,ADDR
นางสาวอัจฉรา แสงสว่าง 90 ถนน เจริญนคร แขวง คลองสาน เขต คลองสาน กรุงเทพมหานคร 10600,ถนน,ADDR
นางสาวอัจฉรา แสงสว่าง 90 ถนน เจริญนคร แขวง คลองสาน เขต คลองสาน กรุงเทพมหานคร 10600,เจริญนคร,ADDR
นางสาวอัจฉรา แสงสว่าง 90 ถนน เจริญนคร แขวง คลองสาน เขต คลองสาน กรุงเทพมหานคร 10600,แขวง,ADDR
นางสาวอัจฉรา แสงสว่าง 90 ถนน เจริญนคร แขวง คลองสาน เขต คลองสาน กรุงเทพมหานคร 10600,คลองสาน,ADDR
นางสาวอัจฉรา แสงสว่าง 90 ถนน เจริญนคร แขวง คลองสาน เขต คลองสาน กรุงเทพมหานคร 10600,เขต,ADDR
นางสาวอัจฉรา แสงสว่าง 90 ถนน เจริญนคร แขวง คลองสาน เขต คลองสาน กรุงเทพมหานคร 10600,คลองสาน,ADDR
นางสาวอัจฉรา แสงสว่าง 90 ถนน เจริญนคร แขวง คลองสาน เขต คลองสาน กรุงเทพมหานคร 10600,กรุงเทพมหานคร,LOC
นางสาวอัจฉรา แสงสว่าง 90 ถนน เจริญนคร แขวง คลองสาน เขต คลองสาน กรุงเทพมหานคร 10600,10600,POST
นายกิตติพงษ์ ใจกล้า 19 ถนน พหลโยธิน แขวง เสนานิคม เขต จตุจักร กรุงเทพมหานคร 10900,นายกิตติพงษ์,O
นายกิตติพงษ์ ใจกล้า 19 ถนน พหลโยธิน แขวง เสนานิคม เขต จตุจักร กรุงเทพมหานคร 10900,ใจกล้า,O
นายกิตติพงษ์ ใจกล้า 19 ถนน พหลโยธิน แขวง เสนานิคม เขต จตุจักร กรุงเทพมหานคร 10900,19,ADDR
นายกิตติพงษ์ ใจกล้า 19 ถนน พหลโยธิน แขวง เสนานิคม เขต จตุจักร กรุงเทพมหานคร 10900,ถนน,ADDR
นายกิตติพงษ์ ใจกล้า 19 ถนน พหลโยธิน แขวง เสนานิคม เขต จตุจักร กรุงเทพมหานคร 10900,พหลโยธิน,ADDR
นายกิตติพงษ์ ใจกล้า 19 ถนน พหลโยธิน แขวง เสนานิคม เขต จตุจักร กรุงเทพมหานคร 10900,แขวง,ADDR
นายกิตติพงษ์ ใจกล้า 19 ถนน พหลโยธิน แขวง เสนานิคม เขต จตุจักร กรุงเทพมหานคร 10900,เสนานิคม,ADDR
นายกิตติพงษ์ ใจกล้า 19 ถนน พหลโยธิน แขวง เสนานิคม เขต จตุจักร กรุงเทพมหานคร 10900,เขต,ADDR
นายกิตติพงษ์ ใจกล้า 19 ถนน พหลโยธิน แขวง เสนานิคม เขต จตุจักร กรุงเทพมหานคร 10900,จตุจักร,LOC
นายกิตติพงษ์ ใจกล้า 19 ถนน พหลโยธิน แขวง เสนานิคม เขต จตุจักร กรุงเทพมหานคร 10900,กรุงเทพมหานคร,LOC
นายกิตติพงษ์ ใจกล้า 19 ถนน พหลโยธิน แขวง เสนานิคม เขต จตุจักร กรุงเทพมหานคร 10900,10900,POST
นางสาวมณีรัตน์ ม่วงงาม 77 ถนน พระราม 9 แขวง ห้วยขวาง เขต ห้วยขวาง กรุงเทพมหานคร 10310,นางสาวมณีรัตน์,O
นางสาวมณีรัตน์ ม่วงงาม 77 ถนน พระราม 9 แขวง ห้วยขวาง เขต ห้วยขวาง กรุงเทพมหานคร 10310,ม่วงงาม,O
นางสาวมณีรัตน์ ม่วงงาม 77 ถนน พระราม 9 แขวง ห้วยขวาง เขต ห้วยขวาง กรุงเทพมหานคร 10310,77,ADDR
นางสาวมณีรัตน์ ม่วงงาม 77 ถนน พระราม 9 แขวง ห้วยขวาง เขต ห้วยขวาง กรุงเทพมหานคร 10310,ถนน,ADDR
นางสาวมณีรัตน์ ม่วงงาม 77 ถนน พระราม 9 แขวง ห้วยขวาง เขต ห้วยขวาง กรุงเทพมหานคร 10310,พระราม,ADDR
นางสาวมณีรัตน์ ม่วงงาม 77 ถนน พระราม 9 แขวง ห้วยขวาง เขต ห้วยขวาง กรุงเทพมหานคร 10310,9,ADDR
นางสาวมณีรัตน์ ม่วงงาม 77 ถนน พระราม 9 แขวง ห้วยขวาง เขต ห้วยขวาง กรุงเทพมหานคร 10310,แขวง,ADDR
นางสาวมณีรัตน์ ม่วงงาม 77 ถนน พระราม 9 แขวง ห้วยขวาง เขต ห้วยขวาง กรุงเทพมหานคร 10310,ห้วยขวาง,ADDR
นางสาวมณีรัตน์ ม่วงงาม 77 ถนน พระราม 9 แขวง ห้วยขวาง เขต ห้วยขวาง กรุงเทพมหานคร 10310,เขต,ADDR
นางสาวมณีรัตน์ ม่วงงาม 77 ถนน พระราม 9 แขวง ห้วยขวาง เขต ห้วยขวาง กรุงเทพมหานคร 10310,ห้วยขวาง,LOC
นางสาวมณีรัตน์ ม่วงงาม 77 ถนน พระราม 9 แขวง ห้วยขวาง เขต ห้วยขวาง กรุงเทพมหานคร 10310,กรุงเทพมหานคร,LOC
นางสาวมณีรัตน์ ม่วงงาม 77 ถนน พระราม 9 แขวง ห้วยขวาง เขต ห้วยขวาง กรุงเทพมหานคร 10310,10310,POST
นายวิชัย รัตนมณี 42 ถนน รัชดาภิเษก แขวง สามเสนนอก เขต ห้วยขวาง กรุงเทพมหานคร 10310,นายวิชัย,ADDR
นายวิชัย รัตนมณี 42 ถนน รัชดาภิเษก แขวง สามเสนนอก เขต ห้วยขวาง กรุงเทพมหานคร 10310,รัตนมณี,ADDR
นายวิชัย รัตนมณี 42 ถนน รัชดาภิเษก แขวง สามเสนนอก เขต ห้วยขวาง กรุงเทพมหานคร 10310,42,ADDR
นายวิชัย รัตนมณี 42 ถนน รัชดาภิเษก แขวง สามเสนนอก เขต ห้วยขวาง กรุงเทพมหานคร 10310,ถนน,ADDR
นายวิชัย รัตนมณี 42 ถนน รัชดาภิเษก แขวง สามเสนนอก เขต ห้วยขวาง กรุงเทพมหานคร 10310,รัชดาภิเษก,ADDR
นายวิชัย รัตนมณี 42 ถนน รัชดาภิเษก แขวง สามเสนนอก เขต ห้วยขวาง กรุงเทพมหานคร 10310,แขวง,ADDR
นายวิชัย รัตนมณี 42 ถนน รัชดาภิเษก แขวง สามเสนนอก เขต ห้วยขวาง กรุงเทพมหานคร 10310,สามเสนนอก,ADDR
นายวิชัย รัตนมณี 42 ถนน รัชดาภิเษก แขวง สามเสนนอก เขต ห้วยขวาง กรุงเทพมหานคร 10310,เขต,ADDR
นายวิชัย รัตนมณี 42 ถนน รัชดาภิเษก แขวง สามเสนนอก เขต ห้วยขวาง กรุงเทพมหานคร 10310,ห้วยขวาง,LOC
นายวิชัย รัตนมณี 42 ถนน รัชดาภิเษก แขวง สามเสนนอก เขต ห้วยขวาง กรุงเทพมหานคร 10310,กรุงเทพมหานคร,LOC
นายวิชัย รัตนมณี 42 ถนน รัชดาภิเษก แขวง สามเสนนอก เขต ห้วยขวาง กรุงเทพมหานคร 10310,10310,POST
นางสาววนิดา เก่งกิจ 156 ถนน วังทองหลาง แขวง วังทองหลาง เขต วังทองหลาง กรุงเทพมหานคร 10310,นางสาววนิดา,O
นางสาววนิดา เก่งกิจ 156 ถนน วังทองหลาง แขวง วังทองหลาง เขต วังทองหลาง กรุงเทพมหานคร 10310,เก่งกิจ,O
นางสาววนิดา เก่งกิจ 156 ถนน วังทองหลาง แขวง วังทองหลาง เขต วังทองหลาง กรุงเทพมหานคร 10310,156,ADDR
นางสาววนิดา เก่งกิจ 156 ถนน วังทองหลาง แขวง วังทองหลาง เขต วังทองหลาง กรุงเทพมหานคร 10310,ถนน,ADDR
นางสาววนิดา เก่งกิจ 156 ถนน วังทองหลาง แขวง วังทองหลาง เขต วังทองหลาง กรุงเทพมหานคร 10310,วังทองหลาง,ADDR
นางสาววนิดา เก่งกิจ 156 ถนน วังทองหลาง แขวง วังทองหลาง เขต วังทองหลาง กรุงเทพมหานคร 10310,แขวง,ADDR
นางสาววนิดา เก่งกิจ 156 ถนน วังทองหลาง แขวง วังทองหลาง เขต วังทองหลาง กรุงเทพมหานคร 10310,วังทองหลาง,ADDR
นางสาววนิดา เก่งกิจ 156 ถนน วังทองหลาง แขวง วังทองหลาง เขต วังทองหลาง กรุงเทพมหานคร 10310,เขต,ADDR
นางสาววนิดา เก่งกิจ 156 ถนน วังทองหลาง แขวง วังทองหลาง เขต วังทองหลาง กรุงเทพมหานคร 10310,วังทองหลาง,ADDR
นางสาววนิดา เก่งกิจ 156 ถนน วังทองหลาง แขวง วังทองหลาง เขต วังทองหลาง กรุงเทพมหานคร 10310,กรุงเทพมหานคร,LOC
นางสาววนิดา เก่งกิจ 156 ถนน วังทองหลาง แขวง วังทองหลาง เขต วังทองหลาง กรุงเทพมหานคร 10310,10310,POST
นายสันติ อมรชัย 211 ถนน จรัญสนิทวงศ์ แขวง บางอ้อ เขต บางพลัด กรุงเทพมหานคร 10700,นายสันติ,O
นายสันติ อมรชัย 211 ถนน จรัญสนิทวงศ์ แขวง บางอ้อ เขต บางพลัด กรุงเทพมหานคร 10700,อมรชัย,O
นายสันติ อมรชัย 211 ถนน จรัญสนิทวงศ์ แขวง บางอ้อ เขต บางพลัด กรุงเทพมหานคร 10700,211,ADDR
นายสันติ อมรชัย 211 ถนน จรัญสนิทวงศ์ แขวง บางอ้อ เขต บางพลัด กรุงเทพมหานคร 10700,ถนน,ADDR
นายสันติ อมรชัย 211 ถนน จรัญสนิทวงศ์ แขวง บางอ้อ เขต บางพลัด กรุงเทพมหานคร 10700,จรัญสนิทวงศ์,ADDR
นายสันติ อมรชัย 211 ถนน จรัญสนิทวงศ์ แขวง บางอ้อ เขต บางพลัด กรุงเทพมหานคร 10700,แขวง,ADDR
นายสันติ อมรชัย 211 ถนน จรัญสนิทวงศ์ แขวง บางอ้อ เขต บางพลัด กรุงเทพมหานคร 10700,บางอ้อ,ADDR
นายสันติ อมรชัย 211 ถนน จรัญสนิทวงศ์ แขวง บางอ้อ เขต บางพลัด กรุงเทพมหานคร 10700,เขต,ADDR
นายสันติ อมรชัย 211 ถนน จรัญสนิทวงศ์ แขวง บางอ้อ เขต บางพลัด กรุงเทพมหานคร 10700,บางพลัด,ADDR
นายสันติ อมรชัย 211 ถนน จรัญสนิทวงศ์ แขวง บางอ้อ เขต บางพลัด กรุงเทพมหานคร 10700,กรุงเทพมหานคร,LOC
นายสันติ อมรชัย 211 ถนน จรัญสนิทวงศ์ แขวง บางอ้อ เขต บางพลัด กรุงเทพมหานคร 10700,10700,POST
นางสาวทิพย์วรรณ ศรีนิล 68 ถนน สุขสวัสดิ์ แขวง บางปะกอก เขต ราษฎร์บูรณะ กรุงเทพมหานคร 10140,นางสาวทิพย์วรรณ,O
นางสาวทิพย์วรรณ ศรีนิล 68 ถนน สุขสวัสดิ์ แขวง บางปะกอก เขต ราษฎร์บูรณะ กรุงเทพมหานคร 10140,ศรีนิล,O
นางสาวทิพย์วรรณ ศรีนิล 68 ถนน สุขสวัสดิ์ แขวง บางปะกอก เขต ราษฎร์บูรณะ กรุงเทพมหานคร 10140,68,ADDR
นางสาวทิพย์วรรณ ศรีนิล 68 ถนน สุขสวัสดิ์ แขวง บางปะกอก เขต ราษฎร์บูรณะ กรุงเทพมหานคร 10140,ถนน,ADDR
นางสาวทิพย์วรรณ ศรีนิล 68 ถนน สุขสวัสดิ์ แขวง บางปะกอก เขต ราษฎร์บูรณะ กรุงเทพมหานคร 10140,สุขสวัสดิ์,ADDR
นางสาวทิพย์วรรณ ศรีนิล 68 ถนน สุขสวัสดิ์ แขวง บางปะกอก เขต ราษฎร์บูรณะ กรุงเทพมหานคร 10140,แขวง,ADDR
นางสาวทิพย์วรรณ ศรีนิล 68 ถนน สุขสวัสดิ์ แขวง บางปะกอก เขต ราษฎร์บูรณะ กรุงเทพมหานคร 10140,บางปะกอก,ADDR
นางสาวทิพย์วรรณ ศรีนิล 68 ถนน สุขสวัสดิ์ แขวง บางปะกอก เขต ราษฎร์บูรณะ กรุงเทพมหานคร 10140,เขต,ADDR
นางสาวทิพย์วรรณ ศรีนิล 68 ถนน สุขสวัสดิ์ แขวง บางปะกอก เขต ราษฎร์บูรณะ กรุงเทพมหานคร 10140,ราษฎร์บูรณะ,ADDR
นางสาวทิพย์วรรณ ศรีนิล 68 ถนน สุขสวัสดิ์ แขวง บางปะกอก เขต ราษฎร์บูรณะ กรุงเทพมหานคร 10140,กรุงเทพมหานคร,LOC
นางสาวทิพย์วรรณ ศรีนิล 68 ถนน สุขสวัสดิ์ แขวง บางปะกอก เขต ราษฎร์บูรณะ กรุงเทพมหานคร 10140,10140,POST
นายประดิษฐ์ ทองคำ 109 ถนน วิภาวดีรังสิต แขวง สีกัน เขต ดอนเมือง กรุงเทพมหานคร 10210,นายประดิษฐ์,O
นายประดิษฐ์ ทองคำ 109 ถนน วิภาวดีรังสิต แขวง สีกัน เขต ดอนเมือง กรุงเทพมหานคร 10210,ทองคำ,O
นายประดิษฐ์ ทองคำ 109 ถนน วิภาวดีรังสิต แขวง สีกัน เขต ดอนเมือง กรุงเทพมหานคร 10210,109,ADDR
นายประดิษฐ์ ทองคำ 109 ถนน วิภาวดีรังสิต แขวง สีกัน เขต ดอนเมือง กรุงเทพมหานคร 10210,ถนน,ADDR
นายประดิษฐ์ ทองคำ 109 ถนน วิภาวดีรังสิต แขวง สีกัน เขต ดอนเมือง กรุงเทพมหานคร 10210,วิภาวดีรังสิต,ADDR
นายประดิษฐ์ ทองคำ 109 ถนน วิภาวดีรังสิต แขวง สีกัน เขต ดอนเมือง กรุงเทพมหานคร 10210,แขวง,ADDR
นายประดิษฐ์ ทองคำ 109 ถนน วิภาวดีรังสิต แขวง สีกัน เขต ดอนเมือง กรุงเทพมหานคร 10210,สีกัน,ADDR
นายประดิษฐ์ ทองคำ 109 ถนน วิภาวดีรังสิต แขวง สีกัน เขต ดอนเมือง กรุงเทพมหานคร 10210,เขต,ADDR
นายประดิษฐ์ ทองคำ 109 ถนน วิภาวดีรังสิต แขวง สีกัน เขต ดอนเมือง กรุงเทพมหานคร 10210,ดอนเมือง,LOC
นายประดิษฐ์ ทองคำ 109 ถนน วิภาวดีรังสิต แขวง สีกัน เขต ดอนเมือง กรุงเทพมหานคร 10210,กรุงเทพมหานคร,LOC
นายประดิษฐ์ ทองคำ 109 ถนน วิภาวดีรังสิต แขวง สีกัน เขต ดอนเมือง กรุงเทพมหานคร 10210,10210,POST
นางสาวอารยา รุ่งเรือง 84 ถนน นวมินทร์ แขวง นวลจันทร์ เขต บึงกุ่ม กรุงเทพมหานคร 10230,นางสาวอารยา,ADDR
นางสาวอารยา รุ่งเรือง 84 ถนน นวมินทร์ แขวง นวลจันทร์ เขต บึงกุ่ม กรุงเทพมหานคร 10230,รุ่งเรือง,ADDR
นางสาวอารยา รุ่งเรือง 84 ถนน นวมินทร์ แขวง นวลจันทร์ เขต บึงกุ่ม กรุงเทพมหานคร 10230,84,ADDR
นางสาวอารยา รุ่งเรือง 84 ถนน นวมินทร์ แขวง นวลจันทร์ เขต บึงกุ่ม กรุงเทพมหานคร 10230,ถนน,ADDR
นางสาวอารยา รุ่งเรือง 84 ถนน นวมินทร์ แขวง นวลจันทร์ เขต บึงกุ่ม กรุงเทพมหานคร 10230,นวมินทร์,LOC
นางสาวอารยา รุ่งเรือง 84 ถนน นวมินทร์ แขวง นวลจันทร์ เขต บึงกุ่ม กรุงเทพมหานคร 10230,แขวง,LOC
นางสาวอารยา รุ่งเรือง 84 ถนน นวมินทร์ แขวง นวลจันทร์ เขต บึงกุ่ม กรุงเทพมหานคร 10230,นวลจันทร์,LOC
นางสาวอารยา รุ่งเรือง 84 ถนน นวมินทร์ แขวง นวลจันทร์ เขต บึงกุ่ม กรุงเทพมหานคร 10230,เขต,LOC
นางสาวอารยา รุ่งเรือง 84 ถนน นวมินทร์ แขวง นวลจันทร์ เขต บึงกุ่ม กรุงเทพมหานคร 10230,บึงกุ่ม,LOC
นางสาวอารยา รุ่งเรือง 84 ถนน นวมินทร์ แขวง นวลจันทร์ เขต บึงกุ่ม กรุงเทพมหานคร 10230,กรุงเทพมหานคร,LOC
นางสาวอารยา รุ่งเรือง 84 ถนน นวมินทร์ แขวง นวลจันทร์ เขต บึงกุ่ม กรุงเทพมหานคร 10230,10230,POST
นายเดชา ยั่งยืน 250 ถนน ราชดำเนินกลาง แขวง บวรนิเวศ เขต พระนคร กรุงเทพมหานคร 10200,นายเดชา,O
นายเดชา ยั่งยืน 250 ถนน ราชดำเนินกลาง แขวง บวรนิเวศ เขต พระนคร กรุงเทพมหานคร 10200,ยั่งยืน,O
นายเดชา ยั่งยืน 250 ถนน ราชดำเนินกลาง แขวง บวรนิเวศ เขต พระนคร กรุงเทพมหานคร 10200,250,ADDR
นายเดชา ยั่งยืน 250 ถนน ราชดำเนินกลาง แขวง บวรนิเวศ เขต พระนคร กรุงเทพมหานคร 10200,ถนน,ADDR
นายเดชา ยั่งยืน 250 ถนน ราชดำเนินกลาง แขวง บวรนิเวศ เขต พระนคร กรุงเทพมหานคร 10200,ราชดำเนินกลาง,ADDR
นายเดชา ยั่งยืน 250 ถนน ราชดำเนินกลาง แขวง บวรนิเวศ เขต พระนคร กรุงเทพมหานคร 10200,แขวง,ADDR
นายเดชา ยั่งยืน 250 ถนน ราชดำเนินกลาง แขวง บวรนิเวศ เขต พระนคร กรุงเทพมหานคร 10200,บวรนิเวศ,ADDR
นายเดชา ยั่งยืน 250 ถนน ราชดำเนินกลาง แขวง บวรนิเวศ เขต พระนคร กรุงเทพมหานคร 10200,เขต,ADDR
นายเดชา ยั่งยืน 250 ถนน ราชดำเนินกลาง แขวง บวรนิเวศ เขต พระนคร กรุงเทพมหานคร 10200,พระนคร,ADDR
นายเดชา ยั่งยืน 250 ถนน ราชดำเนินกลาง แขวง บวรนิเวศ เขต พระนคร กรุงเทพมหานคร 10200,กรุงเทพมหานคร,LOC
นายเดชา ยั่งยืน 250 ถนน ราชดำเนินกลาง แขวง บวรนิเวศ เขต พระนคร กรุงเทพมหานคร 10200,10200,POST
นางสาวปราณี ศรีสุข 35 ถนน เทพรัตน์ แขวง ตลาดบางเขน เขต หลักสี่ กรุงเทพมหานคร 10210,นางสาวปราณี,O
นางสาวปราณี ศรีสุข 35 ถนน เทพรัตน์ แขวง ตลาดบางเขน เขต หลักสี่ กรุงเทพมหานคร 10210,ศรีสุข,O
นางสาวปราณี ศรีสุข 35 ถนน เทพรัตน์ แขวง ตลาดบางเขน เขต หลักสี่ กรุงเทพมหานคร 10210,35,ADDR
นางสาวปราณี ศรีสุข 35 ถนน เทพรัตน์ แขวง ตลาดบางเขน เขต หลักสี่ กรุงเทพมหานคร 10210,ถนน,ADDR
นางสาวปราณี ศรีสุข 35 ถนน เทพรัตน์ แขวง ตลาดบางเขน เขต หลักสี่ กรุงเทพมหานคร 10210,เทพรัตน์,ADDR
นางสาวปราณี ศรีสุข 35 ถนน เทพรัตน์ แขวง ตลาดบางเขน เขต หลักสี่ กรุงเทพมหานคร 10210,แขวง,ADDR
นางสาวปราณี ศรีสุข 35 ถนน เทพรัตน์ แขวง ตลาดบางเขน เขต หลักสี่ กรุงเทพมหานคร 10210,ตลาดบางเขน,ADDR
นางสาวปราณี ศรีสุข 35 ถนน เทพรัตน์ แขวง ตลาดบางเขน เขต หลักสี่ กรุงเทพมหานคร 10210,เขต,ADDR
นางสาวปราณี ศรีสุข 35 ถนน เทพรัตน์ แขวง ตลาดบางเขน เขต หลักสี่ กรุงเทพมหานคร 10210,หลักสี่,ADDR
นางสาวปราณี ศรีสุข 35 ถนน เทพรัตน์ แขวง ตลาดบางเขน เขต หลักสี่ กรุงเทพมหานคร 10210,กรุงเทพมหานคร,LOC
นางสาวปราณี ศรีสุข 35 ถนน เทพรัตน์ แขวง ตลาดบางเขน เขต หลักสี่ กรุงเทพมหานคร 10210,10210,POST
นายอดิศร ศรีวัฒน์ 41 ถนน เจริญกรุง แขวง บางรัก เขต บางรัก กรุงเทพมหานคร 10500,นายอดิศร,O
นายอดิศร ศรีวัฒน์ 41 ถนน เจริญกรุง แขวง บางรัก เขต บางรัก กรุงเทพมหานคร 10500,ศรีวัฒน์,O
นายอดิศร ศรีวัฒน์ 41 ถนน เจริญกรุง แขวง บางรัก เขต บางรัก กรุงเทพมหานคร 10500,41,ADDR
นายอดิศร ศรีวัฒน์ 41 ถนน เจริญกรุง แขวง บางรัก เขต บางรัก กรุงเทพมหานคร 10500,ถนน,ADDR
นายอดิศร ศรีวัฒน์ 41 ถนน เจริญกรุง แขวง บางรัก เขต บางรัก กรุงเทพมหานคร 10500,เจริญกรุง,ADDR
นายอดิศร ศรีวัฒน์ 41 ถนน เจริญกรุง แขวง บางรัก เขต บางรัก กรุงเทพมหานคร 10500,แขวง,ADDR
นายอดิศร ศรีวัฒน์ 41 ถนน เจริญกรุง แขวง บางรัก เขต บางรัก กรุงเทพมหานคร 10500,บางรัก,ADDR
นายอดิศร ศรีวัฒน์ 41 ถนน เจริญกรุง แขวง บางรัก เขต บางรัก กรุงเทพมหานคร 10500,เขต,ADDR
นายอดิศร ศรีวัฒน์ 41 ถนน เจริญกรุง แขวง บางรัก เขต บางรัก กรุงเทพมหานคร 10500,บางรัก,ADDR
นายอดิศร ศรีวัฒน์ 41 ถนน เจริญกรุง แขวง บางรัก เขต บางรัก กรุงเทพมหานคร 10500,กรุงเทพมหานคร,LOC
นายอดิศร ศรีวัฒน์ 41 ถนน เจริญกรุง แขวง บางรัก เขต บางรัก กรุงเทพมหานคร 10500,10500,POST
นางสาวสุธิดา แสงชัย 75 ถนน เสรีไทย แขวง คันนายาว เขต คันนายาว กรุงเทพมหานคร 10230,นางสาวสุธิดา,O
นางสาวสุธิดา แสงชัย 75 ถนน เสรีไทย แขวง คันนายาว เขต คันนายาว กรุงเทพมหานคร 10230,แสงชัย,O
นางสาวสุธิดา แสงชัย 75 ถนน เสรีไทย แขวง คันนายาว เขต คันนายาว กรุงเทพมหานคร 10230,75,ADDR
นางสาวสุธิดา แสงชัย 75 ถนน เสรีไทย แขวง คันนายาว เขต คันนายาว กรุงเทพมหานคร 10230,ถนน,ADDR
นางสาวสุธิดา แสงชัย 75 ถนน เสรีไทย แขวง คันนายาว เขต คันนายาว กรุงเทพมหานคร 10230,เสรีไทย,ADDR
นางสาวสุธิดา แสงชัย 75 ถนน เสรีไทย แขวง คันนายาว เขต คันนายาว กรุงเทพมหานคร 10230,แขวง,ADDR
นางสาวสุธิดา แสงชัย 75 ถนน เสรีไทย แขวง คันนายาว เขต คันนายาว กรุงเทพมหานคร 10230,คันนายาว,ADDR
นางสาวสุธิดา แสงชัย 75 ถนน เสรีไทย แขวง คันนายาว เขต คันนายาว กรุงเทพมหานคร 10230,เขต,ADDR
นางสาวสุธิดา แสงชัย 75 ถนน เสรีไทย แขวง คันนายาว เขต คันนายาว กรุงเทพมหานคร 10230,คันนายาว,ADDR
นางสาวสุธิดา แสงชัย 75 ถนน เสรีไทย แขวง คันนายาว เขต คันนายาว กรุงเทพมหานคร 10230,กรุงเทพมหานคร,LOC
นางสาวสุธิดา แสงชัย 75 ถนน เสรีไทย แขวง คันนายาว เขต คันนายาว กรุงเทพมหานคร 10230,10230,POST
นายพีรพงษ์ ศักดา 101 ถนน พุทธมณฑลสาย 1 แขวง บางด้วน เขต ภาษีเจริญ กรุงเทพมหานคร 10160,นายพีรพงษ์,ADDR
นายพีรพงษ์ ศักดา 101 ถนน พุทธมณฑลสาย 1 แขวง บางด้วน เขต ภาษีเจริญ กรุงเทพมหานคร 10160,ศักดา,ADDR
นายพีรพงษ์ ศักดา 101 ถนน พุทธมณฑลสาย 1 แขวง บางด้วน เขต ภาษีเจริญ กรุงเทพมหานคร 10160,101,ADDR
นายพีรพงษ์ ศักดา 101 ถนน พุทธมณฑลสาย 1 แขวง บางด้วน เขต ภาษีเจริญ กรุงเทพมหานคร 10160,ถนน,ADDR
นายพีรพงษ์ ศักดา 101 ถนน พุทธมณฑลสาย 1 แขวง บางด้วน เขต ภาษีเจริญ กรุงเทพมหานคร 10160,พุทธมณฑลสาย,ADDR
นายพีรพงษ์ ศักดา 101 ถนน พุทธมณฑลสาย 1 แขวง บางด้วน เขต ภาษีเจริญ กรุงเทพมหานคร 10160,1,ADDR
นายพีรพงษ์ ศักดา 101 ถนน พุทธมณฑลสาย 1 แขวง บางด้วน เขต ภาษีเจริญ กรุงเทพมหานคร 10160,แขวง,ADDR
นายพีรพงษ์ ศักดา 101 ถนน พุทธมณฑลสาย 1 แขวง บางด้วน เขต ภาษีเจริญ กรุงเทพมหานคร 10160,บางด้วน,ADDR
นายพีรพงษ์ ศักดา 101 ถนน พุทธมณฑลสาย 1 แขวง บางด้วน เขต ภาษีเจริญ กรุงเทพมหานคร 10160,เขต,ADDR
นายพีรพงษ์ ศักดา 101 ถนน พุทธมณฑลสาย 1 แขวง บางด้วน เขต ภาษีเจริญ กรุงเทพมหานคร 10160,ภาษีเจริญ,ADDR
นายพีรพงษ์ ศักดา 101 ถนน พุทธมณฑลสาย 1 แขวง บางด้วน เขต ภาษีเจริญ กรุงเทพมหานคร 10160,กรุงเทพมหานคร,LOC
นายพีรพงษ์ ศักดา 101 ถนน พุทธมณฑลสาย 1 แขวง บางด้วน เขต ภาษีเจริญ กรุงเทพมหานคร 10160,10160,POST
นางสาวมัณฑนา กิ่งเพชร 55 ถนน ลาดกระบัง แขวง ลาดกระบัง เขต ลาดกระบัง กรุงเทพมหานคร 10520,นางสาวมัณฑนา,O
นางสาวมัณฑนา กิ่งเพชร 55 ถนน ลาดกระบัง แขวง ลาดกระบัง เขต ลาดกระบัง กรุงเทพมหานคร 10520,กิ่งเพชร,O
นางสาวมัณฑนา กิ่งเพชร 55 ถนน ลาดกระบัง แขวง ลาดกระบัง เขต ลาดกระบัง กรุงเทพมหานคร 10520,55,ADDR
นางสาวมัณฑนา กิ่งเพชร 55 ถนน ลาดกระบัง แขวง ลาดกระบัง เขต ลาดกระบัง กรุงเทพมหานคร 10520,ถนน,ADDR
นางสาวมัณฑนา กิ่งเพชร 55 ถนน ลาดกระบัง แขวง ลาดกระบัง เขต ลาดกระบัง กรุงเทพมหานคร 10520,ลาดกระบัง,LOC
นางสาวมัณฑนา กิ่งเพชร 55 ถนน ลาดกระบัง แขวง ลาดกระบัง เขต ลาดกระบัง กรุงเทพมหานคร 10520,แขวง,LOC
นางสาวมัณฑนา กิ่งเพชร 55 ถนน ลาดกระบัง แขวง ลาดกระบัง เขต ลาดกระบัง กรุงเทพมหานคร 10520,ลาดกระบัง,LOC
นางสาวมัณฑนา กิ่งเพชร 55 ถนน ลาดกระบัง แขวง ลาดกระบัง เขต ลาดกระบัง กรุงเทพมหานคร 10520,เขต,LOC
นางสาวมัณฑนา กิ่งเพชร 55 ถนน ลาดกระบัง แขวง ลาดกระบัง เขต ลาดกระบัง กรุงเทพมหานคร 10520,ลาดกระบัง,LOC
นางสาวมัณฑนา กิ่งเพชร 55 ถนน ลาดกระบัง แขวง ลาดกระบัง เขต ลาดกระบัง กรุงเทพมหานคร 10520,กรุงเทพมหานคร,LOC
นางสาวมัณฑนา กิ่งเพชร 55 ถนน ลาดกระบัง แขวง ลาดกระบัง เขต ลาดกระบัง กรุงเทพมหานคร 10520,10520,POST
นายมงคล 123/4 ตำบล บ้านไกล อำเภอ เมือง จังหวัด ลพบุรี 15000,นายมงคล,ADDR
นายมงคล 123/4 ตำบล บ้านไกล อำเภอ เมือง จังหวัด ลพบุรี 15000,123/4,ADDR
นายมงคล 123/4 ตำบล บ้านไกล อำเภอ เมือง จังหวัด ลพบุรี 15000,ตำบล,ADDR
นายมงคล 123/4 ตำบล บ้านไกล อำเภอ เมือง จังหวัด ลพบุรี 15000,บ้านไกล,ADDR
นายมงคล 123/4 ตำบล บ้านไกล อำเภอ เมือง จังหวัด ลพบุรี 15000,อำเภอ,ADDR
นายมงคล 123/4 ตำบล บ้านไกล อำเภอ เมือง จังหวัด ลพบุรี 15000,เมือง,ADDR
นายมงคล 123/4 ตำบล บ้านไกล อำเภอ เมือง จังหวัด ลพบุรี 15000,จังหวัด,ADDR
นายมงคล 123/4 ตำบล บ้านไกล อำเภอ เมือง จังหวัด ลพบุรี 15000,ลพบุรี,ADDR
นายมงคล 123/4 ตำบล บ้านไกล อำเภอ เมือง จังหวัด ลพบุรี 15000,15000,POST
นางสาวมณีรัตน์ 89/1 ตำบล แม่เหียะ อำเภอ เมืองเชียงใหม่ จังหวัด เชียงใหม่ 50100,นางสาวมณีรัตน์,ADDR
นางสาวมณีรัตน์ 89/1 ตำบล แม่เหียะ อำเภอ เมืองเชียงใหม่ จังหวัด เชียงใหม่ 50100,89/1,ADDR
นางสาวมณีรัตน์ 89/1 ตำบล แม่เหียะ อำเภอ เมืองเชียงใหม่ จังหวัด เชียงใหม่ 50100,ตำบล,ADDR
นางสาวมณีรัตน์ 89/1 ตำบล แม่เหียะ อำเภอ เมืองเชียงใหม่ จังหวัด เชียงใหม่ 50100,แม่เหียะ,ADDR
นางสาวมณีรัตน์ 89/1 ตำบล แม่เหียะ อำเภอ เมืองเชียงใหม่ จังหวัด เชียงใหม่ 50100,อำเภอ,ADDR
นางสาวมณีรัตน์ 89/1 ตำบล แม่เหียะ อำเภอ เมืองเชียงใหม่ จังหวัด เชียงใหม่ 50100,เมืองเชียงใหม่,ADDR
นางสาวมณีรัตน์ 89/1 ตำบล แม่เหียะ อำเภอ เมืองเชียงใหม่ จังหวัด เชียงใหม่ 50100,จังหวัด,ADDR
นางสาวมณีรัตน์ 89/1 ตำบล แม่เหียะ อำเภอ เมืองเชียงใหม่ จังหวัด เชียงใหม่ 50100,เชียงใหม่,LOC
นางสาวมณีรัตน์ 89/1 ตำบล แม่เหียะ อำเภอ เมืองเชียงใหม่ จังหวัด เชียงใหม่ 50100,50100,POST
นายวัฒน์ชัย 56/7 ตำบล หนองหิน อำเภอ หนองหิน จังหวัด เลย 42190,นายวัฒน์ชัย,ADDR
นายวัฒน์ชัย 56/7 ตำบล หนองหิน อำเภอ หนองหิน จังหวัด เลย 42190,56/7,ADDR
นายวัฒน์ชัย 56/7 ตำบล หนองหิน อำเภอ หนองหิน จังหวัด เลย 42190,ตำบล,ADDR
นายวัฒน์ชัย 56/7 ตำบล หนองหิน อำเภอ หนองหิน จังหวัด เลย 42190,หนองหิน,ADDR
นายวัฒน์ชัย 56/7 ตำบล หนองหิน อำเภอ หนองหิน จังหวัด เลย 42190,อำเภอ,ADDR
นายวัฒน์ชัย 56/7 ตำบล หนองหิน อำเภอ หนองหิน จังหวัด เลย 42190,หนองหิน,ADDR
นายวัฒน์ชัย 56/7 ตำบล หนองหิน อำเภอ หนองหิน จังหวัด เลย 42190,จังหวัด,ADDR
นายวัฒน์ชัย 56/7 ตำบล หนองหิน อำเภอ หนองหิน จังหวัด เลย 42190,เลย,LOC
นายวัฒน์ชัย 56/7 ตำบล หนองหิน อำเภอ หนองหิน จังหวัด เลย 42190,42190,POST
นางสาวสุวรรณา 45/3 ตำบล ป่าแดด อำเภอ เมือง จังหวัด เชียงราย 57000,นางสาวสุวรรณา,ADDR
นางสาวสุวรรณา 45/3 ตำบล ป่าแดด อำเภอ เมือง จังหวัด เชียงราย 57000,45/3,ADDR
นางสาวสุวรรณา 45/3 ตำบล ป่าแดด อำเภอ เมือง จังหวัด เชียงราย 57000,ตำบล,ADDR
นางสาวสุวรรณา 45/3 ตำบล ป่าแดด อำเภอ เมือง จังหวัด เชียงราย 57000,ป่าแดด,ADDR
นางสาวสุวรรณา 45/3 ตำบล ป่าแดด อำเภอ เมือง จังหวัด เชียงราย 57000,อำเภอ,ADDR
นางสาวสุวรรณา 45/3 ตำบล ป่าแดด อำเภอ เมือง จังหวัด เชียงราย 57000,เมือง,ADDR
นางสาวสุวรรณา 45/3 ตำบล ป่าแดด อำเภอ เมือง จังหวัด เชียงราย 57000,จังหวัด,ADDR
นางสาวสุวรรณา 45/3 ตำบล ป่าแดด อำเภอ เมือง จังหวัด เชียงราย 57000,เชียงราย,LOC
นางสาวสุวรรณา 45/3 ตำบล ป่าแดด อำเภอ เมือง จังหวัด เชียงราย 57000,57000,POST
นายพงษ์ศักดิ์ 28/6 ตำบล ปากช่อง อำเภอ ปากช่อง จังหวัด นครราชสีมา 30130,นายพงษ์ศักดิ์,ADDR
นายพงษ์ศักดิ์ 28/6 ตำบล ปากช่อง อำเภอ ปากช่อง จังหวัด นครราชสีมา 30130,28/6,ADDR
นายพงษ์ศักดิ์ 28/6 ตำบล ปากช่อง อำเภอ ปากช่อง จังหวัด นครราชสีมา 30130,ตำบล,ADDR
นายพงษ์ศักดิ์ 28/6 ตำบล ปากช่อง อำเภอ ปากช่อง จังหวัด นครราชสีมา 30130,ปากช่อง,ADDR
นายพงษ์ศักดิ์ 28/6 ตำบล ปากช่อง อำเภอ ปากช่อง จังหวัด นครราชสีมา 30130,อำเภอ,ADDR
นายพงษ์ศักดิ์ 28/6 ตำบล ปากช่อง อำเภอ ปากช่อง จังหวัด นครราชสีมา 30130,ปากช่อง,ADDR
นายพงษ์ศักดิ์ 28/6 ตำบล ปากช่อง อำเภอ ปากช่อง จังหวัด นครราชสีมา 30130,จังหวัด,ADDR
นายพงษ์ศักดิ์ 28/6 ตำบล ปากช่อง อำเภอ ปากช่อง จังหวัด นครราชสีมา 30130,นครราชสีมา,ADDR
นายพงษ์ศักดิ์ 28/6 ตำบล ปากช่อง อำเภอ ปากช่อง จังหวัด นครราชสีมา 30130,30130,POST
นางสาวยุพิน 77/9 ตำบล ชุมแพ อำเภอ ชุมแพ จังหวัด ขอนแก่น 40130,นางสาวยุพิน,ADDR
นางสาวยุพิน 77/9 ตำบล ชุมแพ อำเภอ ชุมแพ จังหวัด ขอนแก่น 40130,77/9,ADDR
นางสาวยุพิน 77/9 ตำบล ชุมแพ อำเภอ ชุมแพ จังหวัด ขอนแก่น 40130,ตำบล,ADDR
นางสาวยุพิน 77/9 ตำบล ชุมแพ อำเภอ ชุมแพ จังหวัด ขอนแก่น 40130,ชุมแพ,ADDR
นางสาวยุพิน 77/9 ตำบล ชุมแพ อำเภอ ชุมแพ จังหวัด ขอนแก่น 40130,อำเภอ,ADDR
นางสาวยุพิน 77/9 ตำบล ชุมแพ อำเภอ ชุมแพ จังหวัด ขอนแก่น 40130,ชุมแพ,ADDR
นางสาวยุพิน 77/9 ตำบล ชุมแพ อำเภอ ชุมแพ จังหวัด ขอนแก่น 40130,จังหวัด,ADDR
นางสาวยุพิน 77/9 ตำบล ชุมแพ อำเภอ ชุมแพ จังหวัด ขอนแก่น 40130,ขอนแก่น,LOC
นางสาวยุพิน 77/9 ตำบล ชุมแพ อำเภอ ชุมแพ จังหวัด ขอนแก่น 40130,40130,POST
นายกิตติ 99/2 ตำบล น้ำอ้อม อำเภอ กันทรลักษ์ จังหวัด ศรีสะเกษ 33110,นายกิตติ,ADDR
นายกิตติ 99/2 ตำบล น้ำอ้อม อำเภอ กันทรลักษ์ จังหวัด ศรีสะเกษ 33110,99/2,ADDR
นายกิตติ 99/2 ตำบล น้ำอ้อม อำเภอ กันทรลักษ์ จังหวัด ศรีสะเกษ 33110,ตำบล,ADDR
นายกิตติ 99/2 ตำบล น้ำอ้อม อำเภอ กันทรลักษ์ จังหวัด ศรีสะเกษ 33110,น้ำอ้อม,ADDR
นายกิตติ 99/2 ตำบล น้ำอ้อม อำเภอ กันทรลักษ์ จังหวัด ศรีสะเกษ 33110,อำเภอ,ADDR
นายกิตติ 99/2 ตำบล น้ำอ้อม อำเภอ กันทรลักษ์ จังหวัด ศรีสะเกษ 33110,กันทรลักษ์,ADDR
นายกิตติ 99/2 ตำบล น้ำอ้อม อำเภอ กันทรลักษ์ จังหวัด ศรีสะเกษ 33110,จังหวัด,ADDR
นายกิตติ 99/2 ตำบล น้ำอ้อม อำเภอ กันทรลักษ์ จังหวัด ศรีสะเกษ 33110,ศรีสะเกษ,ADDR
นายกิตติ 99/2 ตำบล น้ำอ้อม อำเภอ กันทรลักษ์ จังหวัด ศรีสะเกษ 33110,33110,POST
นางสาวสมฤดี 12/8 ตำบล ริมเหนือ อำเภอ เวียงแก่น จังหวัด เชียงราย 57310,นางสาวสมฤดี,ADDR
นางสาวสมฤดี 12/8 ตำบล ริมเหนือ อำเภอ เวียงแก่น จังหวัด เชียงราย 57310,12/8,ADDR
นางสาวสมฤดี 12/8 ตำบล ริมเหนือ อำเภอ เวียงแก่น จังหวัด เชียงราย 57310,ตำบล,ADDR
นางสาวสมฤดี 12/8 ตำบล ริมเหนือ อำเภอ เวียงแก่น จังหวัด เชียงราย 57310,ริมเหนือ,ADDR
นางสาวสมฤดี 12/8 ตำบล ริมเหนือ อำเภอ เวียงแก่น จังหวัด เชียงราย 57310,อำเภอ,ADDR
นางสาวสมฤดี 12/8 ตำบล ริมเหนือ อำเภอ เวียงแก่น จังหวัด เชียงราย 57310,เวียงแก่น,ADDR
นางสาวสมฤดี 12/8 ตำบล ริมเหนือ อำเภอ เวียงแก่น จังหวัด เชียงราย 57310,จังหวัด,ADDR
นางสาวสมฤดี 12/8 ตำบล ริมเหนือ อำเภอ เวียงแก่น จังหวัด เชียงราย 57310,เชียงราย,LOC
นางสาวสมฤดี 12/8 ตำบล ริมเหนือ อำเภอ เวียงแก่น จังหวัด เชียงราย 57310,57310,POST
นายอดิศร 321/4 ตำบล หนองจ๊อม อำเภอ สันทราย จังหวัด เชียงใหม่ 50210,นายอดิศร,ADDR
นายอดิศร 321/4 ตำบล หนองจ๊อม อำเภอ สันทราย จังหวัด เชียงใหม่ 50210,321/4,ADDR
นายอดิศร 321/4 ตำบล หนองจ๊อม อำเภอ สันทราย จังหวัด เชียงใหม่ 50210,ตำบล,ADDR
นายอดิศร 321/4 ตำบล หนองจ๊อม อำเภอ สันทราย จังหวัด เชียงใหม่ 50210,หนองจ๊อม,ADDR
นายอดิศร 321/4 ตำบล หนองจ๊อม อำเภอ สันทราย จังหวัด เชียงใหม่ 50210,อำเภอ,ADDR
นายอดิศร 321/4 ตำบล หนองจ๊อม อำเภอ สันทราย จังหวัด เชียงใหม่ 50210,สันทราย,ADDR
นายอดิศร 321/4 ตำบล หนองจ๊อม อำเภอ สันทราย จังหวัด เชียงใหม่ 50210,จังหวัด,ADDR
นายอดิศร 321/4 ตำบล หนองจ๊อม อำเภอ สันทราย จังหวัด เชียงใหม่ 50210,เชียงใหม่,LOC
นายอดิศร 321/4 ตำบล หนองจ๊อม อำเภอ สันทราย จังหวัด เชียงใหม่ 50210,50210,POST
นางสาวอัญชลี 5/12 ตำบล ไชยสถาน อำเภอ สารภี จังหวัด เชียงใหม่ 50140,นางสาวอัญชลี,ADDR
นางสาวอัญชลี 5/12 ตำบล ไชยสถาน อำเภอ สารภี จังหวัด เชียงใหม่ 50140,5/12,ADDR
นางสาวอัญชลี 5/12 ตำบล ไชยสถาน อำเภอ สารภี จังหวัด เชียงใหม่ 50140,ตำบล,ADDR
นางสาวอัญชลี 5/12 ตำบล ไชยสถาน อำเภอ สารภี จังหวัด เชียงใหม่ 50140,ไชยสถาน,ADDR
นางสาวอัญชลี 5/12 ตำบล ไชยสถาน อำเภอ สารภี จังหวัด เชียงใหม่ 50140,อำเภอ,ADDR
นางสาวอัญชลี 5/12 ตำบล ไชยสถาน อำเภอ สารภี จังหวัด เชียงใหม่ 50140,สารภี,ADDR
นางสาวอัญชลี 5/12 ตำบล ไชยสถาน อำเภอ สารภี จังหวัด เชียงใหม่ 50140,จังหวัด,ADDR
นางสาวอัญชลี 5/12 ตำบล ไชยสถาน อำเภอ สารภี จังหวัด เชียงใหม่ 50140,เชียงใหม่,LOC
นางสาวอัญชลี 5/12 ตำบล ไชยสถาน อำเภอ สารภี จังหวัด เชียงใหม่ 50140,50140,POST
นายบุญเรือง 44/1 ตำบล ท่าข้าม อำเภอ บ้านดุง จังหวัด อุดรธานี 41190,นายบุญเรือง,ADDR
นายบุญเรือง 44/1 ตำบล ท่าข้าม อำเภอ บ้านดุง จังหวัด อุดรธานี 41190,44/1,ADDR
นายบุญเรือง 44/1 ตำบล ท่าข้าม อำเภอ บ้านดุง จังหวัด อุดรธานี 41190,ตำบล,ADDR
นายบุญเรือง 44/1 ตำบล ท่าข้าม อำเภอ บ้านดุง จังหวัด อุดรธานี 41190,ท่าข้าม,ADDR
นายบุญเรือง 44/1 ตำบล ท่าข้าม อำเภอ บ้านดุง จังหวัด อุดรธานี 41190,อำเภอ,ADDR
นายบุญเรือง 44/1 ตำบล ท่าข้าม อำเภอ บ้านดุง จังหวัด อุดรธานี 41190,บ้านดุง,ADDR
นายบุญเรือง 44/1 ตำบล ท่าข้าม อำเภอ บ้านดุง จังหวัด อุดรธานี 41190,จังหวัด,ADDR
นายบุญเรือง 44/1 ตำบล ท่าข้าม อำเภอ บ้านดุง จังหวัด อุดรธานี 41190,อุดรธานี,LOC
นายบุญเรือง 44/1 ตำบล ท่าข้าม อำเภอ บ้านดุง จังหวัด อุดรธานี 41190,41190,POST
นางสาวศิริลักษณ์ 14/3 ตำบล หนองบัว อำเภอ หนองบัว จังหวัด นครสวรรค์ 60110,นางสาวศิริลักษณ์,ADDR
นางสาวศิริลักษณ์ 14/3 ตำบล หนองบัว อำเภอ หนองบัว จังหวัด นครสวรรค์ 60110,14/3,ADDR
นางสาวศิริลักษณ์ 14/3 ตำบล หนองบัว อำเภอ หนองบัว จังหวัด นครสวรรค์ 60110,ตำบล,ADDR
นางสาวศิริลักษณ์ 14/3 ตำบล หนองบัว อำเภอ หนองบัว จังหวัด นครสวรรค์ 60110,หนองบัว,ADDR
นางสาวศิริลักษณ์ 14/3 ตำบล หนองบัว อำเภอ หนองบัว จังหวัด นครสวรรค์ 60110,อำเภอ,ADDR
นางสาวศิริลักษณ์ 14/3 ตำบล หนองบัว อำเภอ หนองบัว จังหวัด นครสวรรค์ 60110,หนองบัว,ADDR
นางสาวศิริลักษณ์ 14/3 ตำบล หนองบัว อำเภอ หนองบัว จังหวัด นครสวรรค์ 60110,จังหวัด,ADDR
นางสาวศิริลักษณ์ 14/3 ตำบล หนองบัว อำเภอ หนองบัว จังหวัด นครสวรรค์ 60110,นครสวรรค์,LOC
นางสาวศิริลักษณ์ 14/3 ตำบล หนองบัว อำเภอ หนองบัว จังหวัด นครสวรรค์ 60110,60110,POST
นายเดชา 67/5 ตำบล แก่งกระจาน อำเภอ แก่งกระจาน จังหวัด เพชรบุรี 76170,นายเดชา,ADDR
นายเดชา 67/5 ตำบล แก่งกระจาน อำเภอ แก่งกระจาน จังหวัด เพชรบุรี 76170,67/5,ADDR
นายเดชา 67/5 ตำบล แก่งกระจาน อำเภอ แก่งกระจาน จังหวัด เพชรบุรี 76170,ตำบล,ADDR
นายเดชา 67/5 ตำบล แก่งกระจาน อำเภอ แก่งกระจาน จังหวัด เพชรบุรี 76170,แก่งกระจาน,ADDR
นายเดชา 67/5 ตำบล แก่งกระจาน อำเภอ แก่งกระจาน จังหวัด เพชรบุรี 76170,อำเภอ,ADDR
นายเดชา 67/5 ตำบล แก่งกระจาน อำเภอ แก่งกระจาน จังหวัด เพชรบุรี 76170,แก่งกระจาน,ADDR
นายเดชา 67/5 ตำบล แก่งกระจาน อำเภอ แก่งกระจาน จังหวัด เพชรบุรี 76170,จังหวัด,ADDR
นายเดชา 67/5 ตำบล แก่งกระจาน อำเภอ แก่งกระจาน จังหวัด เพชรบุรี 76170,เพชรบุรี,ADDR
นายเดชา 67/5 ตำบล แก่งกระจาน อำเภอ แก่งกระจาน จังหวัด เพชรบุรี 76170,76170,POST
นางสาววิไล 88/10 ตำบล บ้านใหม่ อำเภอ เมือง จังหวัด ปทุมธานี 12000,นางสาววิไล,ADDR
นางสาววิไล 88/10 ตำบล บ้านใหม่ อำเภอ เมือง จังหวัด ปทุมธานี 12000,88/10,ADDR
นางสาววิไล 88/10 ตำบล บ้านใหม่ อำเภอ เมือง จังหวัด ปทุมธานี 12000,ตำบล,ADDR
นางสาววิไล 88/10 ตำบล บ้านใหม่ อำเภอ เมือง จังหวัด ปทุมธานี 12000,บ้านใหม่,ADDR
นางสาววิไล 88/10 ตำบล บ้านใหม่ อำเภอ เมือง จังหวัด ปทุมธานี 12000,อำเภอ,ADDR
นางสาววิไล 88/10 ตำบล บ้านใหม่ อำเภอ เมือง จังหวัด ปทุมธานี 12000,เมือง,ADDR
นางสาววิไล 88/10 ตำบล บ้านใหม่ อำเภอ เมือง จังหวัด ปทุมธานี 12000,จังหวัด,ADDR
นางสาววิไล 88/10 ตำบล บ้านใหม่ อำเภอ เมือง จังหวัด ปทุมธานี 12000,ปทุมธานี,LOC
นางสาววิไล 88/10 ตำบล บ้านใหม่ อำเภอ เมือง จังหวัด ปทุมธานี 12000,12000,POST
นายสุริยา 100/5 ตำบล นาสวน อำเภอ ศรีสวัสดิ์ จังหวัด กาญจนบุรี 71250,นายสุริยา,ADDR
นายสุริยา 100/5 ตำบล นาสวน อำเภอ ศรีสวัสดิ์ จังหวัด กาญจนบุรี 71250,100/5,ADDR
นายสุริยา 100/5 ตำบล นาสวน อำเภอ ศรีสวัสดิ์ จังหวัด กาญจนบุรี 71250,ตำบล,ADDR
นายสุริยา 100/5 ตำบล นาสวน อำเภอ ศรีสวัสดิ์ จังหวัด กาญจนบุรี 71250,นาสวน,ADDR
นายสุริยา 100/5 ตำบล นาสวน อำเภอ ศรีสวัสดิ์ จังหวัด กาญจนบุรี 71250,อำเภอ,ADDR
นายสุริยา 100/5 ตำบล นาสวน อำเภอ ศรีสวัสดิ์ จังหวัด กาญจนบุรี 71250,ศรีสวัสดิ์,ADDR
นายสุริยา 100/5 ตำบล นาสวน อำเภอ ศรีสวัสดิ์ จังหวัด กาญจนบุรี 71250,จังหวัด,ADDR
นายสุริยา 100/5 ตำบล นาสวน อำเภอ ศรีสวัสดิ์ จังหวัด กาญจนบุรี 71250,กาญจนบุรี,LOC
นายสุริยา 100/5 ตำบล นาสวน อำเภอ ศรีสวัสดิ์ จังหวัด กาญจนบุรี 71250,71250,POST
นางสาวรัตนา 35/8 ตำบล หัวทะเล อำเภอ เมือง จังหวัด นครราชสีมา 30000,นางสาวรัตนา,ADDR
นางสาวรัตนา 35/8 ตำบล หัวทะเล อำเภอ เมือง จังหวัด นครราชสีมา 30000,35/8,ADDR
นางสาวรัตนา 35/8 ตำบล หัวทะเล อำเภอ เมือง จังหวัด นครราชสีมา 30000,ตำบล,ADDR
นางสาวรัตนา 35/8 ตำบล หัวทะเล อำเภอ เมือง จังหวัด นครราชสีมา 30000,หัวทะเล,ADDR
นางสาวรัตนา 35/8 ตำบล หัวทะเล อำเภอ เมือง จังหวัด นครราชสีมา 30000,อำเภอ,ADDR
นางสาวรัตนา 35/8 ตำบล หัวทะเล อำเภอ เมือง จังหวัด นครราชสีมา 30000,เมือง,ADDR
นางสาวรัตนา 35/8 ตำบล หัวทะเล อำเภอ เมือง จังหวัด นครราชสีมา 30000,จังหวัด,ADDR
นางสาวรัตนา 35/8 ตำบล หัวทะเล อำเภอ เมือง จังหวัด นครราชสีมา 30000,นครราชสีมา,ADDR
นางสาวรัตนา 35/8 ตำบล หัวทะเล อำเภอ เมือง จังหวัด นครราชสีมา 30000,30000,POST
นายสมบูรณ์ 12/7 ตำบล ศรีสงคราม อำเภอ ศรีสงคราม จังหวัด นครพนม 48150,นายสมบูรณ์,ADDR
นายสมบูรณ์ 12/7 ตำบล ศรีสงคราม อำเภอ ศรีสงคราม จังหวัด นครพนม 48150,12/7,ADDR
นายสมบูรณ์ 12/7 ตำบล ศรีสงคราม อำเภอ ศรีสงคราม จังหวัด นครพนม 48150,ตำบล,ADDR
นายสมบูรณ์ 12/7 ตำบล ศรีสงคราม อำเภอ ศรีสงคราม จังหวัด นครพนม 48150,ศรีสงคราม,ADDR
นายสมบูรณ์ 12/7 ตำบล ศรีสงคราม อำเภอ ศรีสงคราม จังหวัด นครพนม 48150,อำเภอ,ADDR
นายสมบูรณ์ 12/7 ตำบล ศรีสงคราม อำเภอ ศรีสงคราม จังหวัด นครพนม 48150,ศรีสงคราม,ADDR
นายสมบูรณ์ 12/7 ตำบล ศรีสงคราม อำเภอ ศรีสงคราม จังหวัด นครพนม 48150,จังหวัด,ADDR
นายสมบูรณ์ 12/7 ตำบล ศรีสงคราม อำเภอ ศรีสงคราม จังหวัด นครพนม 48150,นครพนม,LOC
นายสมบูรณ์ 12/7 ตำบล ศรีสงคราม อำเภอ ศรีสงคราม จังหวัด นครพนม 48150,48150,POST
นางสาวอารยา 19/9 ตำบล หนองแสง อำเภอ เมืองอุดรธานี จังหวัด อุดรธานี 41000,นางสาวอารยา,ADDR
นางสาวอารยา 19/9 ตำบล หนองแสง อำเภอ เมืองอุดรธานี จังหวัด อุดรธานี 41000,19/9,ADDR
นางสาวอารยา 19/9 ตำบล หนองแสง อำเภอ เมืองอุดรธานี จังหวัด อุดรธานี 41000,ตำบล,ADDR
นางสาวอารยา 19/9 ตำบล หนองแสง อำเภอ เมืองอุดรธานี จังหวัด อุดรธานี 41000,หนองแสง,ADDR
นางสาวอารยา 19/9 ตำบล หนองแสง อำเภอ เมืองอุดรธานี จังหวัด อุดรธานี 41000,อำเภอ,ADDR
นางสาวอารยา 19/9 ตำบล หนองแสง อำเภอ เมืองอุดรธานี จังหวัด อุดรธานี 41000,เมืองอุดรธานี,ADDR
นางสาวอารยา 19/9 ตำบล หนองแสง อำเภอ เมืองอุดรธานี จังหวัด อุดรธานี 41000,จังหวัด,ADDR
นางสาวอารยา 19/9 ตำบล หนองแสง อำเภอ เมืองอุดรธานี จังหวัด อุดรธานี 41000,อุดรธานี,LOC
นางสาวอารยา 19/9 ตำบล หนองแสง อำเภอ เมืองอุดรธานี จังหวัด อุดรธานี 41000,41000,POST
นายทวีศักดิ์ 58/4 ตำบล สะเดา อำเภอ สะเดา จังหวัด สงขลา 90120,นายทวีศักดิ์,ADDR
นายทวีศักดิ์ 58/4 ตำบล สะเดา อำเภอ สะเดา จังหวัด สงขลา 90120,58/4,ADDR
นายทวีศักดิ์ 58/4 ตำบล สะเดา อำเภอ สะเดา จังหวัด สงขลา 90120,ตำบล,ADDR
นายทวีศักดิ์ 58/4 ตำบล สะเดา อำเภอ สะเดา จังหวัด สงขลา 90120,สะเดา,ADDR
นายทวีศักดิ์ 58/4 ตำบล สะเดา อำเภอ สะเดา จังหวัด สงขลา 90120,อำเภอ,ADDR
นายทวีศักดิ์ 58/4 ตำบล สะเดา อำเภอ สะเดา จังหวัด สงขลา 90120,สะเดา,ADDR
นายทวีศักดิ์ 58/4 ตำบล สะเดา อำเภอ สะเดา จังหวัด สงขลา 90120,จังหวัด,ADDR
นายทวีศักดิ์ 58/4 ตำบล สะเดา อำเภอ สะเดา จังหวัด สงขลา 90120,สงขลา,ADDR
นายทวีศักดิ์ 58/4 ตำบล สะเดา อำเภอ สะเดา จังหวัด สงขลา 90120,90120,POST
นางสาวจารุวรรณ 45/2 ตำบล สามพราน อำเภอ สามพราน จังหวัด นครปฐม 73110,นางสาวจารุวรรณ,ADDR
นางสาวจารุวรรณ 45/2 ตำบล สามพราน อำเภอ สามพราน จังหวัด นครปฐม 73110,45/2,ADDR
นางสาวจารุวรรณ 45/2 ตำบล สามพราน อำเภอ สามพราน จังหวัด นครปฐม 73110,ตำบล,ADDR
นางสาวจารุวรรณ 45/2 ตำบล สามพราน อำเภอ สามพราน จังหวัด นครปฐม 73110,สามพราน,ADDR
นางสาวจารุวรรณ 45/2 ตำบล สามพราน อำเภอ สามพราน จังหวัด นครปฐม 73110,อำเภอ,ADDR
นางสาวจารุวรรณ 45/2 ตำบล สามพราน อำเภอ สามพราน จังหวัด นครปฐม 73110,สามพราน,ADDR
นางสาวจารุวรรณ 45/2 ตำบล สามพราน อำเภอ สามพราน จังหวัด นครปฐม 73110,จังหวัด,ADDR
นางสาวจารุวรรณ 45/2 ตำบล สามพราน อำเภอ สามพราน จังหวัด นครปฐม 73110,นครปฐม,ADDR
นางสาวจารุวรรณ 45/2 ตำบล สามพราน อำเภอ สามพราน จังหวัด นครปฐม 73110,73110,POST
นายชาตรี 77/3 ตำบล หนองขาม อำเภอ ศรีราชา จังหวัด ชลบุรี 20230,นายชาตรี,ADDR
นายชาตรี 77/3 ตำบล หนองขาม อำเภอ ศรีราชา จังหวัด ชลบุรี 20230,77/3,ADDR
นายชาตรี 77/3 ตำบล หนองขาม อำเภอ ศรีราชา จังหวัด ชลบุรี 20230,ตำบล,ADDR
นายชาตรี 77/3 ตำบล หนองขาม อำเภอ ศรีราชา จังหวัด ชลบุรี 20230,หนองขาม,ADDR
นายชาตรี 77/3 ตำบล หนองขาม อำเภอ ศรีราชา จังหวัด ชลบุรี 20230,อำเภอ,ADDR
นายชาตรี 77/3 ตำบล หนองขาม อำเภอ ศรีราชา จังหวัด ชลบุรี 20230,ศรีราชา,ADDR
นายชาตรี 77/3 ตำบล หนองขาม อำเภอ ศรีราชา จังหวัด ชลบุรี 20230,จังหวัด,ADDR
นายชาตรี 77/3 ตำบล หนองขาม อำเภอ ศรีราชา จังหวัด ชลบุรี 20230,ชลบุรี,LOC
นายชาตรี 77/3 ตำบล หนองขาม อำเภอ ศรีราชา จังหวัด ชลบุรี 20230,20230,POST
นางสาวเพ็ญศรี 19/4 ตำบล บ้านเพ อำเภอ เมืองระยอง จังหวัด ระยอง 21160,นางสาวเพ็ญศรี,ADDR
นางสาวเพ็ญศรี 19/4 ตำบล บ้านเพ อำเภอ เมืองระยอง จังหวัด ระยอง 21160,19/4,ADDR
นางสาวเพ็ญศรี 19/4 ตำบล บ้านเพ อำเภอ เมืองระยอง จังหวัด ระยอง 21160,ตำบล,ADDR
นางสาวเพ็ญศรี 19/4 ตำบล บ้านเพ อำเภอ เมืองระยอง จังหวัด ระยอง 21160,บ้านเพ,ADDR
นางสาวเพ็ญศรี 19/4 ตำบล บ้านเพ อำเภอ เมืองระยอง จังหวัด ระยอง 21160,อำเภอ,ADDR
นางสาวเพ็ญศรี 19/4 ตำบล บ้านเพ อำเภอ เมืองระยอง จังหวัด ระยอง 21160,เมืองระยอง,ADDR
นางสาวเพ็ญศรี 19/4 ตำบล บ้านเพ อำเภอ เมืองระยอง จังหวัด ระยอง 21160,จังหวัด,ADDR
นางสาวเพ็ญศรี 19/4 ตำบล บ้านเพ อำเภอ เมืองระยอง จังหวัด ระยอง 21160,ระยอง,ADDR
นางสาวเพ็ญศรี 19/4 ตำบล บ้านเพ อำเภอ เมืองระยอง จังหวัด ระยอง 21160,21160,POST
นายทนงค์ 101/7 ตำบล น้ำโสม อำเภอ น้ำโสม จังหวัด อุดรธานี 41210,นายทนงค์,ADDR
นายทนงค์ 101/7 ตำบล น้ำโสม อำเภอ น้ำโสม จังหวัด อุดรธานี 41210,101/7,ADDR
นายทนงค์ 101/7 ตำบล น้ำโสม อำเภอ น้ำโสม จังหวัด อุดรธานี 41210,ตำบล,ADDR
นายทนงค์ 101/7 ตำบล น้ำโสม อำเภอ น้ำโสม จังหวัด อุดรธานี 41210,น้ำโสม,ADDR
นายทนงค์ 101/7 ตำบล น้ำโสม อำเภอ น้ำโสม จังหวัด อุดรธานี 41210,อำเภอ,ADDR
นายทนงค์ 101/7 ตำบล น้ำโสม อำเภอ น้ำโสม จังหวัด อุดรธานี 41210,น้ำโสม,ADDR
นายทนงค์ 101/7 ตำบล น้ำโสม อำเภอ น้ำโสม จังหวัด อุดรธานี 41210,จังหวัด,ADDR
นายทนงค์ 101/7 ตำบล น้ำโสม อำเภอ น้ำโสม จังหวัด อุดรธานี 41210,อุดรธานี,LOC
นายทนงค์ 101/7 ตำบล น้ำโสม อำเภอ น้ำโสม จังหวัด อุดรธานี 41210,41210,POST
นางสาวปวีณา 42/1 ตำบล ปากน้ำ อำเภอ เมืองสมุทรปราการ จังหวัด สมุทรปราการ 10270,นางสาวปวีณา,ADDR
นางสาวปวีณา 42/1 ตำบล ปากน้ำ อำเภอ เมืองสมุทรปราการ จังหวัด สมุทรปราการ 10270,42/1,ADDR
นางสาวปวีณา 42/1 ตำบล ปากน้ำ อำเภอ เมืองสมุทรปราการ จังหวัด สมุทรปราการ 10270,ตำบล,ADDR
นางสาวปวีณา 42/1 ตำบล ปากน้ำ อำเภอ เมืองสมุทรปราการ จังหวัด สมุทรปราการ 10270,ปากน้ำ,ADDR
นางสาวปวีณา 42/1 ตำบล ปากน้ำ อำเภอ เมืองสมุทรปราการ จังหวัด สมุทรปราการ 10270,อำเภอ,ADDR
นางสาวปวีณา 42/1 ตำบล ปากน้ำ อำเภอ เมืองสมุทรปราการ จังหวัด สมุทรปราการ 10270,เมืองสมุทรปราการ,ADDR
นางสาวปวีณา 42/1 ตำบล ปากน้ำ อำเภอ เมืองสมุทรปราการ จังหวัด สมุทรปราการ 10270,จังหวัด,ADDR
นางสาวปวีณา 42/1 ตำบล ปากน้ำ อำเภอ เมืองสมุทรปราการ จังหวัด สมุทรปราการ 10270,สมุทรปราการ,LOC
นางสาวปวีณา 42/1 ตำบล ปากน้ำ อำเภอ เมืองสมุทรปราการ จังหวัด สมุทรปราการ 10270,10270,POST
นายวินัย 9/6 ตำบล ท่าเรือ อำเภอ ท่ามะกา จังหวัด กาญจนบุรี 71130,นายวินัย,ADDR
นายวินัย 9/6 ตำบล ท่าเรือ อำเภอ ท่ามะกา จังหวัด กาญจนบุรี 71130,9/6,ADDR
นายวินัย 9/6 ตำบล ท่าเรือ อำเภอ ท่ามะกา จังหวัด กาญจนบุรี 71130,ตำบล,ADDR
นายวินัย 9/6 ตำบล ท่าเรือ อำเภอ ท่ามะกา จังหวัด กาญจนบุรี 71130,ท่าเรือ,ADDR
นายวินัย 9/6 ตำบล ท่าเรือ อำเภอ ท่ามะกา จังหวัด กาญจนบุรี 71130,อำเภอ,ADDR
นายวินัย 9/6 ตำบล ท่าเรือ อำเภอ ท่ามะกา จังหวัด กาญจนบุรี 71130,ท่ามะกา,ADDR
นายวินัย 9/6 ตำบล ท่าเรือ อำเภอ ท่ามะกา จังหวัด กาญจนบุรี 71130,จังหวัด,ADDR
นายวินัย 9/6 ตำบล ท่าเรือ อำเภอ ท่ามะกา จังหวัด กาญจนบุรี 71130,กาญจนบุรี,LOC
นายวินัย 9/6 ตำบล ท่าเรือ อำเภอ ท่ามะกา จังหวัด กาญจนบุรี 71130,71130,POST
